[{"model": "admin.logentry", "pk": 1, "fields": {"action_time": "2025-04-15T12:28:29.608Z", "user": 1, "content_type": 7, "object_id": "1", "object_repr": "Exame de Urina", "action_flag": 1, "change_message": "[{\"added\": {}}]"}}, {"model": "admin.logentry", "pk": 2, "fields": {"action_time": "2025-04-15T12:33:49.998Z", "user": 1, "content_type": 7, "object_id": "2", "object_repr": "Exame Toráxico", "action_flag": 1, "change_message": "[{\"added\": {}}]"}}, {"model": "admin.logentry", "pk": 3, "fields": {"action_time": "2025-04-15T12:49:25.583Z", "user": 1, "content_type": 7, "object_id": "1", "object_repr": "Exame de Urina", "action_flag": 3, "change_message": ""}}, {"model": "admin.logentry", "pk": 4, "fields": {"action_time": "2025-04-15T12:49:25.583Z", "user": 1, "content_type": 7, "object_id": "2", "object_repr": "Exame Toráxico", "action_flag": 3, "change_message": ""}}, {"model": "admin.logentry", "pk": 5, "fields": {"action_time": "2025-04-15T12:56:26.340Z", "user": 1, "content_type": 7, "object_id": "3", "object_repr": "Avaliação Psicológica", "action_flag": 1, "change_message": "[{\"added\": {}}]"}}, {"model": "admin.logentry", "pk": 6, "fields": {"action_time": "2025-04-15T12:56:46.190Z", "user": 1, "content_type": 7, "object_id": "4", "object_repr": "Acuidade Visual", "action_flag": 1, "change_message": "[{\"added\": {}}]"}}, {"model": "admin.logentry", "pk": 7, "fields": {"action_time": "2025-04-15T12:57:07.398Z", "user": 1, "content_type": 7, "object_id": "5", "object_repr": "Audiometria", "action_flag": 1, "change_message": "[{\"added\": {}}]"}}, {"model": "admin.logentry", "pk": 8, "fields": {"action_time": "2025-04-15T12:57:40.986Z", "user": 1, "content_type": 7, "object_id": "6", "object_repr": "ECG - Eletrocardiograma", "action_flag": 1, "change_message": "[{\"added\": {}}]"}}, {"model": "admin.logentry", "pk": 9, "fields": {"action_time": "2025-04-15T12:58:02.900Z", "user": 1, "content_type": 7, "object_id": "7", "object_repr": "EEG - Eletroencefalograma", "action_flag": 1, "change_message": "[{\"added\": {}}]"}}, {"model": "admin.logentry", "pk": 10, "fields": {"action_time": "2025-04-15T12:58:18.258Z", "user": 1, "content_type": 7, "object_id": "8", "object_repr": "Espirometria", "action_flag": 1, "change_message": "[{\"added\": {}}]"}}, {"model": "admin.logentry", "pk": 11, "fields": {"action_time": "2025-04-15T12:58:37.001Z", "user": 1, "content_type": 7, "object_id": "9", "object_repr": "Raio-X da Coluna", "action_flag": 1, "change_message": "[{\"added\": {}}]"}}, {"model": "admin.logentry", "pk": 12, "fields": {"action_time": "2025-04-15T12:58:58.111Z", "user": 1, "content_type": 7, "object_id": "10", "object_repr": "Raio-X do Tórax", "action_flag": 1, "change_message": "[{\"added\": {}}]"}}, {"model": "admin.logentry", "pk": 13, "fields": {"action_time": "2025-04-15T12:59:14.393Z", "user": 1, "content_type": 7, "object_id": "11", "object_repr": "Creatinina", "action_flag": 1, "change_message": "[{\"added\": {}}]"}}, {"model": "admin.logentry", "pk": 14, "fields": {"action_time": "2025-04-15T12:59:55.039Z", "user": 1, "content_type": 7, "object_id": "12", "object_repr": "Glicemia", "action_flag": 1, "change_message": "[{\"added\": {}}]"}}, {"model": "admin.logentry", "pk": 15, "fields": {"action_time": "2025-04-15T13:00:19.124Z", "user": 1, "content_type": 7, "object_id": "13", "object_repr": "Hemograma", "action_flag": 1, "change_message": "[{\"added\": {}}]"}}, {"model": "admin.logentry", "pk": 16, "fields": {"action_time": "2025-04-15T13:00:42.392Z", "user": 1, "content_type": 7, "object_id": "14", "object_repr": "TGO - Transaminase Glutâmico Oxalacética", "action_flag": 1, "change_message": "[{\"added\": {}}]"}}, {"model": "admin.logentry", "pk": 17, "fields": {"action_time": "2025-04-15T13:03:12.301Z", "user": 1, "content_type": 7, "object_id": "15", "object_repr": "TGP - Transaminase Glutâmico Pirúvica", "action_flag": 1, "change_message": "[{\"added\": {}}]"}}, {"model": "admin.logentry", "pk": 18, "fields": {"action_time": "2025-04-15T13:03:54.014Z", "user": 1, "content_type": 7, "object_id": "16", "object_repr": "Gama GT - Gama Glutamil Transferase", "action_flag": 1, "change_message": "[{\"added\": {}}]"}}, {"model": "admin.logentry", "pk": 19, "fields": {"action_time": "2025-04-15T13:04:11.158Z", "user": 1, "content_type": 7, "object_id": "17", "object_repr": "Ureia", "action_flag": 1, "change_message": "[{\"added\": {}}]"}}, {"model": "admin.logentry", "pk": 20, "fields": {"action_time": "2025-04-15T13:05:20.634Z", "user": 1, "content_type": 7, "object_id": "18", "object_repr": "Ácido Hipúrico", "action_flag": 1, "change_message": "[{\"added\": {}}]"}}, {"model": "admin.logentry", "pk": 21, "fields": {"action_time": "2025-04-15T13:05:34.567Z", "user": 1, "content_type": 7, "object_id": "19", "object_repr": "Ácido Metil-Hipúrico", "action_flag": 1, "change_message": "[{\"added\": {}}]"}}, {"model": "admin.logentry", "pk": 22, "fields": {"action_time": "2025-04-15T13:05:54.897Z", "user": 1, "content_type": 7, "object_id": "20", "object_repr": "Dosagem de Chumbo na Urina", "action_flag": 1, "change_message": "[{\"added\": {}}]"}}, {"model": "admin.logentry", "pk": 23, "fields": {"action_time": "2025-04-15T13:06:57.068Z", "user": 1, "content_type": 7, "object_id": "21", "object_repr": "Anti-HBs (Anticorpo contra o Antígeno de Superfície da Hepatite B) (Sorologia Hepatite)", "action_flag": 1, "change_message": "[{\"added\": {}}]"}}, {"model": "admin.logentry", "pk": 24, "fields": {"action_time": "2025-04-15T13:40:17.104Z", "user": 1, "content_type": 8, "object_id": "1", "object_repr": "Treinamento de teste.", "action_flag": 1, "change_message": "[{\"added\": {}}]"}}, {"model": "admin.logentry", "pk": 25, "fields": {"action_time": "2025-04-15T13:40:51.980Z", "user": 1, "content_type": 8, "object_id": "1", "object_repr": "Treinamento de teste.", "action_flag": 2, "change_message": "[]"}}, {"model": "admin.logentry", "pk": 26, "fields": {"action_time": "2025-04-15T14:18:10.668Z", "user": 1, "content_type": 9, "object_id": "1", "object_repr": "Esse é um tipo de exposição.", "action_flag": 1, "change_message": "[{\"added\": {}}]"}}, {"model": "admin.logentry", "pk": 27, "fields": {"action_time": "2025-04-15T14:20:17.939Z", "user": 1, "content_type": 10, "object_id": "1", "object_repr": "Risco Teste", "action_flag": 1, "change_message": "[{\"added\": {}}]"}}, {"model": "admin.logentry", "pk": 28, "fields": {"action_time": "2025-04-15T14:20:38.879Z", "user": 1, "content_type": 9, "object_id": "2", "object_repr": "Exposição ao sol.", "action_flag": 1, "change_message": "[{\"added\": {}}]"}}, {"model": "admin.logentry", "pk": 29, "fields": {"action_time": "2025-04-15T14:20:58.179Z", "user": 1, "content_type": 10, "object_id": "1", "object_repr": "Risco Teste", "action_flag": 2, "change_message": "[]"}}, {"model": "admin.logentry", "pk": 30, "fields": {"action_time": "2025-04-16T10:08:31.899Z", "user": 1, "content_type": 11, "object_id": "1", "object_repr": "Proteção para crânio", "action_flag": 1, "change_message": "[{\"added\": {}}]"}}, {"model": "admin.logentry", "pk": 31, "fields": {"action_time": "2025-04-16T11:34:17.762Z", "user": 1, "content_type": 12, "object_id": "1", "object_repr": "Capacete de segurança.", "action_flag": 1, "change_message": "[{\"added\": {}}]"}}, {"model": "admin.logentry", "pk": 32, "fields": {"action_time": "2025-04-16T11:38:50.792Z", "user": 1, "content_type": 12, "object_id": "1", "object_repr": "Capacete de segurança.", "action_flag": 2, "change_message": "[{\"changed\": {\"fields\": [\"Tipos de EPI\"]}}]"}}, {"model": "admin.logentry", "pk": 33, "fields": {"action_time": "2025-04-16T12:55:28.810Z", "user": 1, "content_type": 13, "object_id": "1", "object_repr": "Manuseio de equipamentos energizados", "action_flag": 1, "change_message": "[{\"added\": {}}]"}}, {"model": "admin.logentry", "pk": 34, "fields": {"action_time": "2025-04-16T14:39:21.587Z", "user": 1, "content_type": 14, "object_id": "1", "object_repr": "Maçariqueiro", "action_flag": 1, "change_message": "[{\"added\": {}}]"}}, {"model": "admin.logentry", "pk": 35, "fields": {"action_time": "2025-04-16T14:55:41.611Z", "user": 1, "content_type": 8, "object_id": "2", "object_repr": "NR 06 - Uso adequado de EPI´s", "action_flag": 1, "change_message": "[{\"added\": {}}]"}}, {"model": "admin.logentry", "pk": 36, "fields": {"action_time": "2025-04-16T14:55:48.483Z", "user": 1, "content_type": 8, "object_id": "3", "object_repr": "NR 10 - Operação de equiptos energizados", "action_flag": 1, "change_message": "[{\"added\": {}}]"}}, {"model": "admin.logentry", "pk": 37, "fields": {"action_time": "2025-04-16T14:55:52.508Z", "user": 1, "content_type": 8, "object_id": "4", "object_repr": "NR 11 - Direção defensiva", "action_flag": 1, "change_message": "[{\"added\": {}}]"}}, {"model": "admin.logentry", "pk": 38, "fields": {"action_time": "2025-04-16T14:56:53.459Z", "user": 1, "content_type": 9, "object_id": "1", "object_repr": "Esse é um tipo de exposição.", "action_flag": 3, "change_message": ""}}, {"model": "admin.logentry", "pk": 39, "fields": {"action_time": "2025-04-16T14:56:53.460Z", "user": 1, "content_type": 9, "object_id": "2", "object_repr": "Exposição ao sol.", "action_flag": 3, "change_message": ""}}, {"model": "admin.logentry", "pk": 40, "fields": {"action_time": "2025-04-16T14:57:40.250Z", "user": 1, "content_type": 9, "object_id": "3", "object_repr": "Habitual/ Permanente", "action_flag": 1, "change_message": "[{\"added\": {}}]"}}, {"model": "admin.logentry", "pk": 41, "fields": {"action_time": "2025-04-16T14:57:56.071Z", "user": 1, "content_type": 9, "object_id": "4", "object_repr": "Eventual", "action_flag": 1, "change_message": "[{\"added\": {}}]"}}, {"model": "admin.logentry", "pk": 42, "fields": {"action_time": "2025-04-16T14:58:09.869Z", "user": 1, "content_type": 9, "object_id": "4", "object_repr": "Eventual", "action_flag": 3, "change_message": ""}}, {"model": "admin.logentry", "pk": 43, "fields": {"action_time": "2025-04-16T14:58:16.215Z", "user": 1, "content_type": 9, "object_id": "5", "object_repr": "Habitual/ Intermitente", "action_flag": 1, "change_message": "[{\"added\": {}}]"}}, {"model": "admin.logentry", "pk": 44, "fields": {"action_time": "2025-04-16T14:58:20.029Z", "user": 1, "content_type": 9, "object_id": "6", "object_repr": "Habitual/ Eventual", "action_flag": 1, "change_message": "[{\"added\": {}}]"}}, {"model": "admin.logentry", "pk": 45, "fields": {"action_time": "2025-04-16T14:58:24.085Z", "user": 1, "content_type": 9, "object_id": "7", "object_repr": "Intermitente", "action_flag": 1, "change_message": "[{\"added\": {}}]"}}, {"model": "admin.logentry", "pk": 46, "fields": {"action_time": "2025-04-16T14:58:30.668Z", "user": 1, "content_type": 9, "object_id": "8", "object_repr": "Eventual", "action_flag": 1, "change_message": "[{\"added\": {}}]"}}, {"model": "admin.logentry", "pk": 47, "fields": {"action_time": "2025-04-16T14:59:01.685Z", "user": 1, "content_type": 11, "object_id": "2", "object_repr": "Proteção visual e facial", "action_flag": 1, "change_message": "[{\"added\": {}}]"}}, {"model": "admin.logentry", "pk": 48, "fields": {"action_time": "2025-04-16T14:59:05.743Z", "user": 1, "content_type": 11, "object_id": "3", "object_repr": "Proteção respiratória.", "action_flag": 1, "change_message": "[{\"added\": {}}]"}}, {"model": "admin.logentry", "pk": 49, "fields": {"action_time": "2025-04-16T14:59:24.116Z", "user": 1, "content_type": 11, "object_id": "4", "object_repr": "Proteção auricular", "action_flag": 1, "change_message": "[{\"added\": {}}]"}}, {"model": "admin.logentry", "pk": 50, "fields": {"action_time": "2025-04-16T14:59:29.626Z", "user": 1, "content_type": 11, "object_id": "4", "object_repr": "Proteção auricular", "action_flag": 2, "change_message": "[]"}}, {"model": "admin.logentry", "pk": 51, "fields": {"action_time": "2025-04-16T14:59:40.418Z", "user": 1, "content_type": 11, "object_id": "5", "object_repr": "Proteção de tronco", "action_flag": 1, "change_message": "[{\"added\": {}}]"}}, {"model": "admin.logentry", "pk": 52, "fields": {"action_time": "2025-04-16T14:59:49.588Z", "user": 1, "content_type": 11, "object_id": "6", "object_repr": "Proteção de membros superiores", "action_flag": 1, "change_message": "[{\"added\": {}}]"}}, {"model": "admin.logentry", "pk": 53, "fields": {"action_time": "2025-04-16T14:59:59.310Z", "user": 1, "content_type": 11, "object_id": "7", "object_repr": "Proteção dos membros inferiores.", "action_flag": 1, "change_message": "[{\"added\": {}}]"}}, {"model": "admin.logentry", "pk": 54, "fields": {"action_time": "2025-04-16T15:00:25.335Z", "user": 1, "content_type": 12, "object_id": "1", "object_repr": "Capacete de segurança.", "action_flag": 2, "change_message": "[]"}}, {"model": "admin.logentry", "pk": 55, "fields": {"action_time": "2025-04-16T15:00:33.596Z", "user": 1, "content_type": 12, "object_id": "2", "object_repr": "Capacete de segurança com Jugular", "action_flag": 1, "change_message": "[{\"added\": {}}]"}}, {"model": "admin.logentry", "pk": 56, "fields": {"action_time": "2025-04-16T15:00:52.673Z", "user": 1, "content_type": 12, "object_id": "3", "object_repr": "Protetores faciais.", "action_flag": 1, "change_message": "[{\"added\": {}}]"}}, {"model": "admin.logentry", "pk": 57, "fields": {"action_time": "2025-04-16T15:01:03.729Z", "user": 1, "content_type": 12, "object_id": "4", "object_repr": "Respiradores com filtro mecânico (oferecem proteção contra partículas suspensas no ar, incluindo poe", "action_flag": 1, "change_message": "[{\"added\": {}}]"}}, {"model": "admin.logentry", "pk": 58, "fields": {"action_time": "2025-04-16T15:01:24.018Z", "user": 1, "content_type": 12, "object_id": "5", "object_repr": "Protetores externos (CONCHA)", "action_flag": 1, "change_message": "[{\"added\": {}}]"}}, {"model": "admin.logentry", "pk": 59, "fields": {"action_time": "2025-04-16T15:01:39.495Z", "user": 1, "content_type": 12, "object_id": "6", "object_repr": "Aventais de PVC", "action_flag": 1, "change_message": "[{\"added\": {}}]"}}, {"model": "admin.logentry", "pk": 60, "fields": {"action_time": "2025-04-16T15:01:51.526Z", "user": 1, "content_type": 12, "object_id": "7", "object_repr": "Luvas de neoprene", "action_flag": 1, "change_message": "[{\"added\": {}}]"}}, {"model": "admin.logentry", "pk": 61, "fields": {"action_time": "2025-04-16T15:02:12.426Z", "user": 1, "content_type": 12, "object_id": "8", "object_repr": "Botas de borracha", "action_flag": 1, "change_message": "[{\"added\": {}}]"}}, {"model": "admin.logentry", "pk": 62, "fields": {"action_time": "2025-04-16T18:09:57.222Z", "user": 1, "content_type": 17, "object_id": "1", "object_repr": "Eventual - Aerodispersóides", "action_flag": 1, "change_message": "[{\"added\": {}}]"}}, {"model": "admin.logentry", "pk": 63, "fields": {"action_time": "2025-04-16T18:12:56.265Z", "user": 1, "content_type": 17, "object_id": "2", "object_repr": "Habitual/ Eventual - Aerodispersóides", "action_flag": 1, "change_message": "[{\"added\": {}}]"}}, {"model": "admin.logentry", "pk": 64, "fields": {"action_time": "2025-04-16T18:13:44.668Z", "user": 1, "content_type": 17, "object_id": "3", "object_repr": "Habitual/ Intermitente - AerodispersóidesAerodispersóides", "action_flag": 1, "change_message": "[{\"added\": {}}]"}}, {"model": "admin.logentry", "pk": 65, "fields": {"action_time": "2025-04-16T18:13:55.966Z", "user": 1, "content_type": 17, "object_id": "4", "object_repr": "Habitual/ Permanente - Aerodispersóides", "action_flag": 1, "change_message": "[{\"added\": {}}]"}}, {"model": "admin.logentry", "pk": 66, "fields": {"action_time": "2025-04-16T18:14:10.056Z", "user": 1, "content_type": 17, "object_id": "5", "object_repr": "Intermitente - Aerodispersóides", "action_flag": 1, "change_message": "[{\"added\": {}}]"}}, {"model": "admin.logentry", "pk": 67, "fields": {"action_time": "2025-04-16T18:14:29.628Z", "user": 1, "content_type": 19, "object_id": "1", "object_repr": "Eventual - Calor", "action_flag": 1, "change_message": "[{\"added\": {}}]"}}, {"model": "admin.logentry", "pk": 68, "fields": {"action_time": "2025-04-16T18:14:35.544Z", "user": 1, "content_type": 19, "object_id": "2", "object_repr": "Habitual/ Eventual - Calor", "action_flag": 1, "change_message": "[{\"added\": {}}]"}}, {"model": "admin.logentry", "pk": 69, "fields": {"action_time": "2025-04-16T18:14:42.636Z", "user": 1, "content_type": 19, "object_id": "3", "object_repr": "Habitual/ Intermitente - Calor", "action_flag": 1, "change_message": "[{\"added\": {}}]"}}, {"model": "admin.logentry", "pk": 70, "fields": {"action_time": "2025-04-16T18:14:48.636Z", "user": 1, "content_type": 19, "object_id": "4", "object_repr": "Habitual/ Eventual - Calor", "action_flag": 1, "change_message": "[{\"added\": {}}]"}}, {"model": "admin.logentry", "pk": 71, "fields": {"action_time": "2025-04-16T18:14:55.378Z", "user": 1, "content_type": 19, "object_id": "5", "object_repr": "Habitual/ Permanente - Calor", "action_flag": 1, "change_message": "[{\"added\": {}}]"}}, {"model": "admin.logentry", "pk": 72, "fields": {"action_time": "2025-04-16T18:15:16.771Z", "user": 1, "content_type": 19, "object_id": "6", "object_repr": "Intermitente - Calor", "action_flag": 1, "change_message": "[{\"added\": {}}]"}}, {"model": "admin.logentry", "pk": 73, "fields": {"action_time": "2025-04-16T18:17:18.840Z", "user": 1, "content_type": 19, "object_id": "4", "object_repr": "Habitual/ Eventual - Calor", "action_flag": 3, "change_message": ""}}, {"model": "admin.logentry", "pk": 74, "fields": {"action_time": "2025-04-16T18:17:52.630Z", "user": 1, "content_type": 17, "object_id": "3", "object_repr": "Habitual/ Intermitente - Aerodispersóides", "action_flag": 2, "change_message": "[{\"changed\": {\"fields\": [\"Nome do Risco\"]}}]"}}, {"model": "admin.logentry", "pk": 75, "fields": {"action_time": "2025-04-16T18:18:30.588Z", "user": 1, "content_type": 16, "object_id": "1", "object_repr": "Eventual - Bacilos", "action_flag": 1, "change_message": "[{\"added\": {}}]"}}, {"model": "admin.logentry", "pk": 76, "fields": {"action_time": "2025-04-16T18:18:37.627Z", "user": 1, "content_type": 16, "object_id": "2", "object_repr": "Habitual/ Eventual - Bacilos", "action_flag": 1, "change_message": "[{\"added\": {}}]"}}, {"model": "admin.logentry", "pk": 77, "fields": {"action_time": "2025-04-16T18:18:42.049Z", "user": 1, "content_type": 16, "object_id": "3", "object_repr": "Habitual/ Intermitente - Bacilos", "action_flag": 1, "change_message": "[{\"added\": {}}]"}}, {"model": "admin.logentry", "pk": 78, "fields": {"action_time": "2025-04-16T18:18:47.093Z", "user": 1, "content_type": 16, "object_id": "4", "object_repr": "Habitual/ Permanente - Bacilos", "action_flag": 1, "change_message": "[{\"added\": {}}]"}}, {"model": "admin.logentry", "pk": 79, "fields": {"action_time": "2025-04-16T18:18:52.877Z", "user": 1, "content_type": 16, "object_id": "5", "object_repr": "Intermitente - Bacilos", "action_flag": 1, "change_message": "[{\"added\": {}}]"}}, {"model": "admin.logentry", "pk": 80, "fields": {"action_time": "2025-04-16T18:19:26.978Z", "user": 1, "content_type": 15, "object_id": "1", "object_repr": "Eventual - Probabilidade de incêndio ou explosão", "action_flag": 1, "change_message": "[{\"added\": {}}]"}}, {"model": "admin.logentry", "pk": 81, "fields": {"action_time": "2025-04-16T18:19:37.301Z", "user": 1, "content_type": 15, "object_id": "2", "object_repr": "Habitual/ Eventual - Probabilidade de incêndio ou explosão", "action_flag": 1, "change_message": "[{\"added\": {}}]"}}, {"model": "admin.logentry", "pk": 82, "fields": {"action_time": "2025-04-16T18:19:41.782Z", "user": 1, "content_type": 15, "object_id": "3", "object_repr": "Habitual/ Intermitente - Probabilidade de incêndio ou explosão", "action_flag": 1, "change_message": "[{\"added\": {}}]"}}, {"model": "admin.logentry", "pk": 83, "fields": {"action_time": "2025-04-16T18:19:46.753Z", "user": 1, "content_type": 15, "object_id": "4", "object_repr": "Habitual/ Permanente - Probabilidade de incêndio ou explosão", "action_flag": 1, "change_message": "[{\"added\": {}}]"}}, {"model": "admin.logentry", "pk": 84, "fields": {"action_time": "2025-04-16T18:19:51.086Z", "user": 1, "content_type": 15, "object_id": "5", "object_repr": "Intermitente - Probabilidade de incêndio ou explosão", "action_flag": 1, "change_message": "[{\"added\": {}}]"}}, {"model": "admin.logentry", "pk": 85, "fields": {"action_time": "2025-04-16T18:20:13.121Z", "user": 1, "content_type": 18, "object_id": "1", "object_repr": "Eventual - Esforço físico intenso", "action_flag": 1, "change_message": "[{\"added\": {}}]"}}, {"model": "admin.logentry", "pk": 86, "fields": {"action_time": "2025-04-16T18:20:17.112Z", "user": 1, "content_type": 18, "object_id": "2", "object_repr": "Habitual/ Eventual - Esforço físico intenso", "action_flag": 1, "change_message": "[{\"added\": {}}]"}}, {"model": "admin.logentry", "pk": 87, "fields": {"action_time": "2025-04-16T18:20:21.908Z", "user": 1, "content_type": 18, "object_id": "3", "object_repr": "Habitual/ Intermitente - Esforço físico intenso", "action_flag": 1, "change_message": "[{\"added\": {}}]"}}, {"model": "admin.logentry", "pk": 88, "fields": {"action_time": "2025-04-16T18:20:28.659Z", "user": 1, "content_type": 18, "object_id": "4", "object_repr": "Habitual/ Intermitente - Esforço físico intenso", "action_flag": 1, "change_message": "[{\"added\": {}}]"}}, {"model": "admin.logentry", "pk": 89, "fields": {"action_time": "2025-04-16T18:20:32.621Z", "user": 1, "content_type": 18, "object_id": "5", "object_repr": "Habitual/ Permanente - Esforço físico intenso", "action_flag": 1, "change_message": "[{\"added\": {}}]"}}, {"model": "admin.logentry", "pk": 90, "fields": {"action_time": "2025-04-16T18:20:36.491Z", "user": 1, "content_type": 18, "object_id": "6", "object_repr": "Habitual/ Permanente - Esforço físico intenso", "action_flag": 1, "change_message": "[{\"added\": {}}]"}}, {"model": "admin.logentry", "pk": 91, "fields": {"action_time": "2025-04-16T18:20:40.224Z", "user": 1, "content_type": 18, "object_id": "7", "object_repr": "Intermitente - Esforço físico intenso", "action_flag": 1, "change_message": "[{\"added\": {}}]"}}, {"model": "admin.logentry", "pk": 92, "fields": {"action_time": "2025-04-16T18:20:53.811Z", "user": 1, "content_type": 18, "object_id": "3", "object_repr": "Habitual/ Intermitente - Esforço físico intenso", "action_flag": 3, "change_message": ""}}, {"model": "admin.logentry", "pk": 93, "fields": {"action_time": "2025-04-16T18:20:53.811Z", "user": 1, "content_type": 18, "object_id": "6", "object_repr": "Habitual/ Permanente - Esforço físico intenso", "action_flag": 3, "change_message": ""}}, {"model": "admin.logentry", "pk": 94, "fields": {"action_time": "2025-04-16T18:32:29.113Z", "user": 1, "content_type": 13, "object_id": "2", "object_repr": "Trabalho com pintura (Tintas e Solventes)", "action_flag": 1, "change_message": "[{\"added\": {}}]"}}, {"model": "admin.logentry", "pk": 95, "fields": {"action_time": "2025-04-16T18:37:32.877Z", "user": 1, "content_type": 14, "object_id": "2", "object_repr": "Mecânicos", "action_flag": 1, "change_message": "[{\"added\": {}}]"}}, {"model": "admin.logentry", "pk": 96, "fields": {"action_time": "2025-04-16T18:38:36.420Z", "user": 1, "content_type": 14, "object_id": "2", "object_repr": "Mecânicos", "action_flag": 2, "change_message": "[{\"changed\": {\"fields\": [\"Descri\\u00e7\\u00e3o da Fun\\u00e7\\u00e3o\"]}}]"}}, {"model": "admin.logentry", "pk": 97, "fields": {"action_time": "2025-04-16T18:45:43.045Z", "user": 1, "content_type": 14, "object_id": "2", "object_repr": "Mecânicos", "action_flag": 2, "change_message": "[{\"changed\": {\"fields\": [\"Riscos Qu\\u00edmicos\", \"Riscos de Acidentes\", \"Riscos Ergon\\u00f4micos\", \"EPIs Associados \\u00e0 Fun\\u00e7\\u00e3o\", \"Exames Admissionais\"]}}]"}}, {"model": "admin.logentry", "pk": 98, "fields": {"action_time": "2025-04-16T18:46:36.682Z", "user": 1, "content_type": 13, "object_id": "2", "object_repr": "Trabalho com pintura (Tintas e Solventes)", "action_flag": 2, "change_message": "[{\"changed\": {\"fields\": [\"Obrigatoriedade\"]}}]"}}, {"model": "admin.logentry", "pk": 99, "fields": {"action_time": "2025-04-16T18:52:39.231Z", "user": 1, "content_type": 14, "object_id": "1", "object_repr": "Maçariqueiro", "action_flag": 2, "change_message": "[{\"changed\": {\"fields\": [\"Riscos Qu\\u00edmicos\", \"Riscos Ergon\\u00f4micos\", \"Treinamentos Requeridos pela Fun\\u00e7\\u00e3o\", \"EPIs Associados \\u00e0 Fun\\u00e7\\u00e3o\", \"Obrigatoriedade de EPI\", \"Exames Peri\\u00f3dicos\", \"Exames de Mudan\\u00e7a de Fun\\u00e7\\u00e3o\"]}}]"}}, {"model": "admin.logentry", "pk": 100, "fields": {"action_time": "2025-04-18T11:48:34.289Z", "user": 1, "content_type": 8, "object_id": "1", "object_repr": "Treinamento de teste.", "action_flag": 3, "change_message": ""}}, {"model": "admin.logentry", "pk": 101, "fields": {"action_time": "2025-04-18T11:49:09.137Z", "user": 1, "content_type": 8, "object_id": "5", "object_repr": "NR 11 - Operação em equiptos de transporte", "action_flag": 1, "change_message": "[{\"added\": {}}]"}}, {"model": "admin.logentry", "pk": 102, "fields": {"action_time": "2025-04-18T11:49:19.247Z", "user": 1, "content_type": 8, "object_id": "6", "object_repr": "NR 12 - Máquinas e Equipamentos", "action_flag": 1, "change_message": "[{\"added\": {}}]"}}, {"model": "admin.logentry", "pk": 103, "fields": {"action_time": "2025-04-18T11:49:29.358Z", "user": 1, "content_type": 8, "object_id": "7", "object_repr": "NR 17 - Educação Postural", "action_flag": 1, "change_message": "[{\"added\": {}}]"}}, {"model": "admin.logentry", "pk": 104, "fields": {"action_time": "2025-04-18T11:49:31.972Z", "user": 1, "content_type": 8, "object_id": "8", "object_repr": "NR 33 - Trabalho em espaços confinados", "action_flag": 1, "change_message": "[{\"added\": {}}]"}}, {"model": "admin.logentry", "pk": 105, "fields": {"action_time": "2025-04-18T11:49:39.455Z", "user": 1, "content_type": 8, "object_id": "9", "object_repr": "NR 35 - Trabalho em Altura", "action_flag": 1, "change_message": "[{\"added\": {}}]"}}, {"model": "admin.logentry", "pk": 106, "fields": {"action_time": "2025-04-18T11:52:14.873Z", "user": 1, "content_type": 12, "object_id": "6", "object_repr": "Aventais de PVC", "action_flag": 3, "change_message": ""}}, {"model": "admin.logentry", "pk": 107, "fields": {"action_time": "2025-04-18T11:52:14.874Z", "user": 1, "content_type": 12, "object_id": "8", "object_repr": "Botas de borracha", "action_flag": 3, "change_message": ""}}, {"model": "admin.logentry", "pk": 108, "fields": {"action_time": "2025-04-18T11:52:14.874Z", "user": 1, "content_type": 12, "object_id": "2", "object_repr": "Capacete de segurança com Jugular", "action_flag": 3, "change_message": ""}}, {"model": "admin.logentry", "pk": 109, "fields": {"action_time": "2025-04-18T11:52:14.874Z", "user": 1, "content_type": 12, "object_id": "1", "object_repr": "Capacete de segurança.", "action_flag": 3, "change_message": ""}}, {"model": "admin.logentry", "pk": 110, "fields": {"action_time": "2025-04-18T11:52:14.874Z", "user": 1, "content_type": 12, "object_id": "7", "object_repr": "Luvas de neoprene", "action_flag": 3, "change_message": ""}}, {"model": "admin.logentry", "pk": 111, "fields": {"action_time": "2025-04-18T11:52:14.874Z", "user": 1, "content_type": 12, "object_id": "5", "object_repr": "Protetores externos (CONCHA)", "action_flag": 3, "change_message": ""}}, {"model": "admin.logentry", "pk": 112, "fields": {"action_time": "2025-04-18T11:52:14.874Z", "user": 1, "content_type": 12, "object_id": "3", "object_repr": "Protetores faciais.", "action_flag": 3, "change_message": ""}}, {"model": "admin.logentry", "pk": 113, "fields": {"action_time": "2025-04-18T11:52:14.874Z", "user": 1, "content_type": 12, "object_id": "4", "object_repr": "Respiradores com filtro mecânico (oferecem proteção contra partículas suspensas no ar, incluindo poe", "action_flag": 3, "change_message": ""}}, {"model": "admin.logentry", "pk": 114, "fields": {"action_time": "2025-04-18T11:53:05.231Z", "user": 1, "content_type": 12, "object_id": "9", "object_repr": "Capacete de segurança.", "action_flag": 1, "change_message": "[{\"added\": {}}]"}}, {"model": "admin.logentry", "pk": 115, "fields": {"action_time": "2025-04-18T11:53:15.957Z", "user": 1, "content_type": 12, "object_id": "10", "object_repr": "Capacete de segurança com Jugular", "action_flag": 1, "change_message": "[{\"added\": {}}]"}}, {"model": "admin.logentry", "pk": 116, "fields": {"action_time": "2025-04-18T11:53:26.456Z", "user": 1, "content_type": 12, "object_id": "11", "object_repr": "Óculos de segurança (para soldadores, torneiros, esmeriladores, operadores de politriz e outros).", "action_flag": 1, "change_message": "[{\"added\": {}}]"}}, {"model": "admin.logentry", "pk": 117, "fields": {"action_time": "2025-04-18T11:53:33.882Z", "user": 1, "content_type": 12, "object_id": "12", "object_repr": "Protetores faciais (contra a ação de borrifos, impacto e calor radiante).", "action_flag": 1, "change_message": "[{\"added\": {}}]"}}, {"model": "admin.logentry", "pk": 118, "fields": {"action_time": "2025-04-18T11:53:38.623Z", "user": 1, "content_type": 12, "object_id": "13", "object_repr": "Máscaras e escudos para soldadores.", "action_flag": 1, "change_message": "[{\"added\": {}}]"}}, {"model": "admin.logentry", "pk": 119, "fields": {"action_time": "2025-04-18T11:53:48.871Z", "user": 1, "content_type": 12, "object_id": "13", "object_repr": "Máscaras e escudos para soldadores.", "action_flag": 2, "change_message": "[{\"changed\": {\"fields\": [\"Tipos de EPI\"]}}]"}}, {"model": "admin.logentry", "pk": 120, "fields": {"action_time": "2025-04-18T11:54:17.028Z", "user": 1, "content_type": 12, "object_id": "11", "object_repr": "Óculos de segurança", "action_flag": 2, "change_message": "[{\"changed\": {\"fields\": [\"EPI\", \"Descri\\u00e7\\u00e3o\"]}}]"}}, {"model": "admin.logentry", "pk": 121, "fields": {"action_time": "2025-04-18T11:54:39.563Z", "user": 1, "content_type": 12, "object_id": "12", "object_repr": "Protetores faciais", "action_flag": 2, "change_message": "[{\"changed\": {\"fields\": [\"EPI\", \"Descri\\u00e7\\u00e3o\"]}}]"}}, {"model": "admin.logentry", "pk": 122, "fields": {"action_time": "2025-04-18T11:55:24.333Z", "user": 1, "content_type": 12, "object_id": "14", "object_repr": "Respiradores com filtro mecânico", "action_flag": 1, "change_message": "[{\"added\": {}}]"}}, {"model": "admin.logentry", "pk": 123, "fields": {"action_time": "2025-04-18T11:55:36.908Z", "user": 1, "content_type": 12, "object_id": "15", "object_repr": "Respiradores com filtros químicos", "action_flag": 1, "change_message": "[{\"added\": {}}]"}}, {"model": "admin.logentry", "pk": 124, "fields": {"action_time": "2025-04-18T11:55:47.440Z", "user": 1, "content_type": 12, "object_id": "16", "object_repr": "Respiradores com filtros combinados", "action_flag": 1, "change_message": "[{\"added\": {}}]"}}, {"model": "admin.logentry", "pk": 125, "fields": {"action_time": "2025-04-18T11:56:00.776Z", "user": 1, "content_type": 12, "object_id": "17", "object_repr": "Equipamentos de provisão de ar", "action_flag": 1, "change_message": "[{\"added\": {}}]"}}, {"model": "admin.logentry", "pk": 126, "fields": {"action_time": "2025-04-18T11:56:09.079Z", "user": 1, "content_type": 12, "object_id": "18", "object_repr": "Equipamentos portáteis autônomos", "action_flag": 1, "change_message": "[{\"added\": {}}]"}}, {"model": "admin.logentry", "pk": 127, "fields": {"action_time": "2025-04-18T11:56:44.183Z", "user": 1, "content_type": 12, "object_id": "19", "object_repr": "Protetores de inserção", "action_flag": 1, "change_message": "[{\"added\": {}}]"}}, {"model": "admin.logentry", "pk": 128, "fields": {"action_time": "2025-04-18T11:56:59.861Z", "user": 1, "content_type": 12, "object_id": "18", "object_repr": "Equipamentos portáteis autônomos", "action_flag": 2, "change_message": "[{\"changed\": {\"fields\": [\"Tipos de EPI\"]}}]"}}, {"model": "admin.logentry", "pk": 129, "fields": {"action_time": "2025-04-18T11:57:39.326Z", "user": 1, "content_type": 12, "object_id": "20", "object_repr": "Protetores externos", "action_flag": 1, "change_message": "[{\"added\": {}}]"}}, {"model": "admin.logentry", "pk": 130, "fields": {"action_time": "2025-04-18T11:58:03.185Z", "user": 1, "content_type": 12, "object_id": "21", "object_repr": "Aventais de couro", "action_flag": 1, "change_message": "[{\"added\": {}}]"}}, {"model": "admin.logentry", "pk": 131, "fields": {"action_time": "2025-04-18T11:58:13.278Z", "user": 1, "content_type": 12, "object_id": "22", "object_repr": "Aventais de PVC", "action_flag": 1, "change_message": "[{\"added\": {}}]"}}, {"model": "admin.logentry", "pk": 132, "fields": {"action_time": "2025-04-18T11:58:32.253Z", "user": 1, "content_type": 12, "object_id": "23", "object_repr": "Aventais de amianto", "action_flag": 1, "change_message": "[{\"added\": {}}]"}}, {"model": "admin.logentry", "pk": 133, "fields": {"action_time": "2025-04-18T11:58:44.363Z", "user": 1, "content_type": 12, "object_id": "24", "object_repr": "Jaquetas", "action_flag": 1, "change_message": "[{\"added\": {}}]"}}, {"model": "admin.logentry", "pk": 134, "fields": {"action_time": "2025-04-18T11:59:08.898Z", "user": 1, "content_type": 12, "object_id": "25", "object_repr": "Luvas de couro", "action_flag": 1, "change_message": "[{\"added\": {}}]"}}, {"model": "admin.logentry", "pk": 135, "fields": {"action_time": "2025-04-18T11:59:25.265Z", "user": 1, "content_type": 12, "object_id": "26", "object_repr": "Luvas de borracha", "action_flag": 1, "change_message": "[{\"added\": {}}]"}}, {"model": "admin.logentry", "pk": 136, "fields": {"action_time": "2025-04-18T12:00:00.183Z", "user": 1, "content_type": 12, "object_id": "27", "object_repr": "Luvas de neoprene", "action_flag": 1, "change_message": "[{\"added\": {}}]"}}, {"model": "admin.logentry", "pk": 137, "fields": {"action_time": "2025-04-18T12:00:17.766Z", "user": 1, "content_type": 12, "object_id": "28", "object_repr": "Luvas de PVC", "action_flag": 1, "change_message": "[{\"added\": {}}]"}}, {"model": "admin.logentry", "pk": 138, "fields": {"action_time": "2025-04-18T12:00:44.721Z", "user": 1, "content_type": 12, "object_id": "29", "object_repr": "Luvas de hexanol", "action_flag": 1, "change_message": "[{\"added\": {}}]"}}, {"model": "admin.logentry", "pk": 139, "fields": {"action_time": "2025-04-18T12:00:55.431Z", "user": 1, "content_type": 12, "object_id": "30", "object_repr": "Luvas de tecidos", "action_flag": 1, "change_message": "[{\"added\": {}}]"}}, {"model": "admin.logentry", "pk": 140, "fields": {"action_time": "2025-04-18T12:01:15.890Z", "user": 1, "content_type": 12, "object_id": "31", "object_repr": "Sapatos", "action_flag": 1, "change_message": "[{\"added\": {}}]"}}, {"model": "admin.logentry", "pk": 141, "fields": {"action_time": "2025-04-18T12:01:27.103Z", "user": 1, "content_type": 12, "object_id": "32", "object_repr": "Guarda-pés", "action_flag": 1, "change_message": "[{\"added\": {}}]"}}, {"model": "admin.logentry", "pk": 142, "fields": {"action_time": "2025-04-18T12:01:35.067Z", "user": 1, "content_type": 12, "object_id": "33", "object_repr": "Botas de borracha", "action_flag": 1, "change_message": "[{\"added\": {}}]"}}, {"model": "admin.logentry", "pk": 143, "fields": {"action_time": "2025-04-18T12:01:43.127Z", "user": 1, "content_type": 12, "object_id": "34", "object_repr": "Perneiras", "action_flag": 1, "change_message": "[{\"added\": {}}]"}}, {"model": "admin.logentry", "pk": 144, "fields": {"action_time": "2025-04-18T12:03:28.702Z", "user": 1, "content_type": 17, "object_id": "1", "object_repr": "Eventual - Aerodispersóides", "action_flag": 3, "change_message": ""}}, {"model": "admin.logentry", "pk": 145, "fields": {"action_time": "2025-04-18T12:03:28.702Z", "user": 1, "content_type": 17, "object_id": "2", "object_repr": "Habitual/ Eventual - Aerodispersóides", "action_flag": 3, "change_message": ""}}, {"model": "admin.logentry", "pk": 146, "fields": {"action_time": "2025-04-18T12:03:28.702Z", "user": 1, "content_type": 17, "object_id": "3", "object_repr": "Habitual/ Intermitente - Aerodispersóides", "action_flag": 3, "change_message": ""}}, {"model": "admin.logentry", "pk": 147, "fields": {"action_time": "2025-04-18T12:03:28.702Z", "user": 1, "content_type": 17, "object_id": "4", "object_repr": "Habitual/ Permanente - Aerodispersóides", "action_flag": 3, "change_message": ""}}, {"model": "admin.logentry", "pk": 148, "fields": {"action_time": "2025-04-18T12:03:28.702Z", "user": 1, "content_type": 17, "object_id": "5", "object_repr": "Intermitente - Aerodispersóides", "action_flag": 3, "change_message": ""}}, {"model": "admin.logentry", "pk": 149, "fields": {"action_time": "2025-04-18T12:05:14.292Z", "user": 1, "content_type": 17, "object_id": "6", "object_repr": "Eventual - Aerodispersóides - Poeira Mineral", "action_flag": 1, "change_message": "[{\"added\": {}}]"}}, {"model": "admin.logentry", "pk": 150, "fields": {"action_time": "2025-04-18T12:05:17.436Z", "user": 1, "content_type": 17, "object_id": "7", "object_repr": "Habitual/ Eventual - Aerodispersóides - Poeira Mineral", "action_flag": 1, "change_message": "[{\"added\": {}}]"}}, {"model": "admin.logentry", "pk": 151, "fields": {"action_time": "2025-04-18T12:05:19.580Z", "user": 1, "content_type": 17, "object_id": "8", "object_repr": "Habitual/ Intermitente - Aerodispersóides - Poeira Mineral", "action_flag": 1, "change_message": "[{\"added\": {}}]"}}, {"model": "admin.logentry", "pk": 152, "fields": {"action_time": "2025-04-18T12:05:22.496Z", "user": 1, "content_type": 17, "object_id": "9", "object_repr": "Habitual/ Permanente - Aerodispersóides - Poeira Mineral", "action_flag": 1, "change_message": "[{\"added\": {}}]"}}, {"model": "admin.logentry", "pk": 153, "fields": {"action_time": "2025-04-18T12:05:25.084Z", "user": 1, "content_type": 17, "object_id": "10", "object_repr": "Intermitente - Aerodispersóides - Poeira Mineral", "action_flag": 1, "change_message": "[{\"added\": {}}]"}}, {"model": "admin.logentry", "pk": 154, "fields": {"action_time": "2025-04-18T12:17:59.928Z", "user": 1, "content_type": 17, "object_id": "11", "object_repr": "Eventual - Aerodispersóides - Neblinas", "action_flag": 1, "change_message": "[{\"added\": {}}]"}}, {"model": "admin.logentry", "pk": 155, "fields": {"action_time": "2025-04-18T12:18:01.950Z", "user": 1, "content_type": 17, "object_id": "12", "object_repr": "Habitual/ Eventual - Aerodispersóides - Neblinas", "action_flag": 1, "change_message": "[{\"added\": {}}]"}}, {"model": "admin.logentry", "pk": 156, "fields": {"action_time": "2025-04-18T12:18:03.553Z", "user": 1, "content_type": 17, "object_id": "13", "object_repr": "Habitual/ Intermitente - Aerodispersóides - Neblinas", "action_flag": 1, "change_message": "[{\"added\": {}}]"}}, {"model": "admin.logentry", "pk": 157, "fields": {"action_time": "2025-04-18T12:18:05.335Z", "user": 1, "content_type": 17, "object_id": "14", "object_repr": "Habitual/ Permanente - Aerodispersóides - Neblinas", "action_flag": 1, "change_message": "[{\"added\": {}}]"}}, {"model": "admin.logentry", "pk": 158, "fields": {"action_time": "2025-04-18T12:18:07.212Z", "user": 1, "content_type": 17, "object_id": "15", "object_repr": "Intermitente - Aerodispersóides - Neblinas", "action_flag": 1, "change_message": "[{\"added\": {}}]"}}, {"model": "admin.logentry", "pk": 159, "fields": {"action_time": "2025-04-18T12:18:44.132Z", "user": 1, "content_type": 17, "object_id": "16", "object_repr": "Eventual - Produtos de limpeza", "action_flag": 1, "change_message": "[{\"added\": {}}]"}}, {"model": "admin.logentry", "pk": 160, "fields": {"action_time": "2025-04-18T12:18:46.444Z", "user": 1, "content_type": 17, "object_id": "17", "object_repr": "Habitual/ Eventual - Produtos de limpeza", "action_flag": 1, "change_message": "[{\"added\": {}}]"}}, {"model": "admin.logentry", "pk": 161, "fields": {"action_time": "2025-04-18T12:18:48.722Z", "user": 1, "content_type": 17, "object_id": "18", "object_repr": "Habitual/ Intermitente - Produtos de limpeza", "action_flag": 1, "change_message": "[{\"added\": {}}]"}}, {"model": "admin.logentry", "pk": 162, "fields": {"action_time": "2025-04-18T12:18:50.620Z", "user": 1, "content_type": 17, "object_id": "19", "object_repr": "Habitual/ Permanente - Produtos de limpeza", "action_flag": 1, "change_message": "[{\"added\": {}}]"}}, {"model": "admin.logentry", "pk": 163, "fields": {"action_time": "2025-04-18T12:18:52.476Z", "user": 1, "content_type": 17, "object_id": "20", "object_repr": "Intermitente - Produtos de limpeza", "action_flag": 1, "change_message": "[{\"added\": {}}]"}}, {"model": "admin.logentry", "pk": 164, "fields": {"action_time": "2025-04-18T12:20:13.916Z", "user": 1, "content_type": 19, "object_id": "7", "object_repr": "Eventual - Frio", "action_flag": 1, "change_message": "[{\"added\": {}}]"}}, {"model": "admin.logentry", "pk": 165, "fields": {"action_time": "2025-04-18T12:20:15.873Z", "user": 1, "content_type": 19, "object_id": "8", "object_repr": "Habitual/ Eventual - Frio", "action_flag": 1, "change_message": "[{\"added\": {}}]"}}, {"model": "admin.logentry", "pk": 166, "fields": {"action_time": "2025-04-18T12:20:19.005Z", "user": 1, "content_type": 19, "object_id": "9", "object_repr": "Habitual/ Intermitente - Frio", "action_flag": 1, "change_message": "[{\"added\": {}}]"}}, {"model": "admin.logentry", "pk": 167, "fields": {"action_time": "2025-04-18T12:20:20.815Z", "user": 1, "content_type": 19, "object_id": "10", "object_repr": "Habitual/ Permanente - Frio", "action_flag": 1, "change_message": "[{\"added\": {}}]"}}, {"model": "admin.logentry", "pk": 168, "fields": {"action_time": "2025-04-18T12:20:22.632Z", "user": 1, "content_type": 19, "object_id": "11", "object_repr": "Intermitente - Frio", "action_flag": 1, "change_message": "[{\"added\": {}}]"}}, {"model": "admin.logentry", "pk": 169, "fields": {"action_time": "2025-04-18T12:20:56.116Z", "user": 1, "content_type": 19, "object_id": "12", "object_repr": "Eventual - Exposição a intempéries", "action_flag": 1, "change_message": "[{\"added\": {}}]"}}, {"model": "admin.logentry", "pk": 170, "fields": {"action_time": "2025-04-18T12:20:58.226Z", "user": 1, "content_type": 19, "object_id": "13", "object_repr": "Habitual/ Eventual - Exposição a intempéries", "action_flag": 1, "change_message": "[{\"added\": {}}]"}}, {"model": "admin.logentry", "pk": 171, "fields": {"action_time": "2025-04-18T12:20:59.954Z", "user": 1, "content_type": 19, "object_id": "14", "object_repr": "Habitual/ Intermitente - Exposição a intempéries", "action_flag": 1, "change_message": "[{\"added\": {}}]"}}, {"model": "admin.logentry", "pk": 172, "fields": {"action_time": "2025-04-18T12:21:01.511Z", "user": 1, "content_type": 19, "object_id": "15", "object_repr": "Habitual/ Permanente - Exposição a intempéries", "action_flag": 1, "change_message": "[{\"added\": {}}]"}}, {"model": "admin.logentry", "pk": 173, "fields": {"action_time": "2025-04-18T12:21:03.447Z", "user": 1, "content_type": 19, "object_id": "16", "object_repr": "Intermitente - Exposição a intempéries", "action_flag": 1, "change_message": "[{\"added\": {}}]"}}, {"model": "admin.logentry", "pk": 174, "fields": {"action_time": "2025-04-18T12:22:22.322Z", "user": 1, "content_type": 16, "object_id": "6", "object_repr": "Eventual - Bactérias", "action_flag": 1, "change_message": "[{\"added\": {}}]"}}, {"model": "admin.logentry", "pk": 175, "fields": {"action_time": "2025-04-18T12:22:23.962Z", "user": 1, "content_type": 16, "object_id": "7", "object_repr": "Habitual/ Eventual - Bactérias", "action_flag": 1, "change_message": "[{\"added\": {}}]"}}, {"model": "admin.logentry", "pk": 176, "fields": {"action_time": "2025-04-18T12:22:25.798Z", "user": 1, "content_type": 16, "object_id": "8", "object_repr": "Habitual/ Intermitente - Bactérias", "action_flag": 1, "change_message": "[{\"added\": {}}]"}}, {"model": "admin.logentry", "pk": 177, "fields": {"action_time": "2025-04-18T12:22:27.639Z", "user": 1, "content_type": 16, "object_id": "9", "object_repr": "Habitual/ Permanente - Bactérias", "action_flag": 1, "change_message": "[{\"added\": {}}]"}}, {"model": "admin.logentry", "pk": 178, "fields": {"action_time": "2025-04-18T12:22:29.706Z", "user": 1, "content_type": 16, "object_id": "10", "object_repr": "Intermitente - Bactérias", "action_flag": 1, "change_message": "[{\"added\": {}}]"}}, {"model": "admin.logentry", "pk": 179, "fields": {"action_time": "2025-04-18T12:23:12.598Z", "user": 1, "content_type": 16, "object_id": "11", "object_repr": "Eventual - Fungos", "action_flag": 1, "change_message": "[{\"added\": {}}]"}}, {"model": "admin.logentry", "pk": 180, "fields": {"action_time": "2025-04-18T12:23:14.525Z", "user": 1, "content_type": 16, "object_id": "12", "object_repr": "Habitual/ Eventual - Fungos", "action_flag": 1, "change_message": "[{\"added\": {}}]"}}, {"model": "admin.logentry", "pk": 181, "fields": {"action_time": "2025-04-18T12:23:16.368Z", "user": 1, "content_type": 16, "object_id": "13", "object_repr": "Habitual/ Intermitente - Fungos", "action_flag": 1, "change_message": "[{\"added\": {}}]"}}, {"model": "admin.logentry", "pk": 182, "fields": {"action_time": "2025-04-18T12:23:18.005Z", "user": 1, "content_type": 16, "object_id": "14", "object_repr": "Habitual/ Permanente - Fungos", "action_flag": 1, "change_message": "[{\"added\": {}}]"}}, {"model": "admin.logentry", "pk": 183, "fields": {"action_time": "2025-04-18T12:23:19.445Z", "user": 1, "content_type": 16, "object_id": "15", "object_repr": "Intermitente - Fungos", "action_flag": 1, "change_message": "[{\"added\": {}}]"}}, {"model": "admin.logentry", "pk": 184, "fields": {"action_time": "2025-04-18T12:24:26.337Z", "user": 1, "content_type": 15, "object_id": "6", "object_repr": "Eventual - Máquinas e equipamentos sem proteção", "action_flag": 1, "change_message": "[{\"added\": {}}]"}}, {"model": "admin.logentry", "pk": 185, "fields": {"action_time": "2025-04-18T12:24:28.430Z", "user": 1, "content_type": 15, "object_id": "7", "object_repr": "Habitual/ Eventual - http://localhost:8000/admin/safety/riskaccident/add/", "action_flag": 1, "change_message": "[{\"added\": {}}]"}}, {"model": "admin.logentry", "pk": 186, "fields": {"action_time": "2025-04-18T12:24:30.079Z", "user": 1, "content_type": 15, "object_id": "8", "object_repr": "Habitual/ Intermitente - http://localhost:8000/admin/safety/riskaccident/add/", "action_flag": 1, "change_message": "[{\"added\": {}}]"}}, {"model": "admin.logentry", "pk": 187, "fields": {"action_time": "2025-04-18T12:24:31.527Z", "user": 1, "content_type": 15, "object_id": "9", "object_repr": "Habitual/ Permanente - http://localhost:8000/admin/safety/riskaccident/add/", "action_flag": 1, "change_message": "[{\"added\": {}}]"}}, {"model": "admin.logentry", "pk": 188, "fields": {"action_time": "2025-04-18T12:24:32.985Z", "user": 1, "content_type": 15, "object_id": "10", "object_repr": "Intermitente - http://localhost:8000/admin/safety/riskaccident/add/", "action_flag": 1, "change_message": "[{\"added\": {}}]"}}, {"model": "admin.logentry", "pk": 189, "fields": {"action_time": "2025-04-18T12:25:21.941Z", "user": 1, "content_type": 15, "object_id": "11", "object_repr": "Eventual - Queimaduras", "action_flag": 1, "change_message": "[{\"added\": {}}]"}}, {"model": "admin.logentry", "pk": 190, "fields": {"action_time": "2025-04-18T12:25:23.782Z", "user": 1, "content_type": 15, "object_id": "12", "object_repr": "Habitual/ Eventual - Queimaduras", "action_flag": 1, "change_message": "[{\"added\": {}}]"}}, {"model": "admin.logentry", "pk": 191, "fields": {"action_time": "2025-04-18T12:25:28.732Z", "user": 1, "content_type": 15, "object_id": "13", "object_repr": "Habitual/ Intermitente - Queimaduras", "action_flag": 1, "change_message": "[{\"added\": {}}]"}}, {"model": "admin.logentry", "pk": 192, "fields": {"action_time": "2025-04-18T12:25:31.519Z", "user": 1, "content_type": 15, "object_id": "14", "object_repr": "Habitual/ Permanente - Queimaduras", "action_flag": 1, "change_message": "[{\"added\": {}}]"}}, {"model": "admin.logentry", "pk": 193, "fields": {"action_time": "2025-04-18T12:25:34.118Z", "user": 1, "content_type": 15, "object_id": "15", "object_repr": "Intermitente - Queimaduras", "action_flag": 1, "change_message": "[{\"added\": {}}]"}}, {"model": "admin.logentry", "pk": 194, "fields": {"action_time": "2025-04-18T12:27:25.354Z", "user": 1, "content_type": 18, "object_id": "8", "object_repr": "Eventual - Imposição de rítmos excessivos", "action_flag": 1, "change_message": "[{\"added\": {}}]"}}, {"model": "admin.logentry", "pk": 195, "fields": {"action_time": "2025-04-18T12:27:33.228Z", "user": 1, "content_type": 18, "object_id": "9", "object_repr": "Habitual/ Eventual - Imposição de rítmos excessivos", "action_flag": 1, "change_message": "[{\"added\": {}}]"}}, {"model": "admin.logentry", "pk": 196, "fields": {"action_time": "2025-04-18T12:27:35.019Z", "user": 1, "content_type": 18, "object_id": "10", "object_repr": "Habitual/ Intermitente - Imposição de rítmos excessivos", "action_flag": 1, "change_message": "[{\"added\": {}}]"}}, {"model": "admin.logentry", "pk": 197, "fields": {"action_time": "2025-04-18T12:27:36.653Z", "user": 1, "content_type": 18, "object_id": "11", "object_repr": "Habitual/ Permanente - Imposição de rítmos excessivos", "action_flag": 1, "change_message": "[{\"added\": {}}]"}}, {"model": "admin.logentry", "pk": 198, "fields": {"action_time": "2025-04-18T12:27:38.213Z", "user": 1, "content_type": 18, "object_id": "12", "object_repr": "Intermitente - Imposição de rítmos excessivos", "action_flag": 1, "change_message": "[{\"added\": {}}]"}}, {"model": "admin.logentry", "pk": 199, "fields": {"action_time": "2025-04-18T12:28:49.271Z", "user": 1, "content_type": 18, "object_id": "13", "object_repr": "Eventual - Jornada de trabalho prolongado", "action_flag": 1, "change_message": "[{\"added\": {}}]"}}, {"model": "admin.logentry", "pk": 200, "fields": {"action_time": "2025-04-18T12:28:49.284Z", "user": 1, "content_type": 18, "object_id": "14", "object_repr": "Habitual/ Eventual - Jornada de trabalho prolongado", "action_flag": 1, "change_message": "[{\"added\": {}}]"}}, {"model": "admin.logentry", "pk": 201, "fields": {"action_time": "2025-04-18T12:28:49.363Z", "user": 1, "content_type": 18, "object_id": "15", "object_repr": "Habitual/ Intermitente - Jornada de trabalho prolongado", "action_flag": 1, "change_message": "[{\"added\": {}}]"}}, {"model": "admin.logentry", "pk": 202, "fields": {"action_time": "2025-04-18T12:28:51.133Z", "user": 1, "content_type": 18, "object_id": "16", "object_repr": "Habitual/ Permanente - Jornada de trabalho prolongado", "action_flag": 1, "change_message": "[{\"added\": {}}]"}}, {"model": "admin.logentry", "pk": 203, "fields": {"action_time": "2025-04-18T12:28:52.861Z", "user": 1, "content_type": 18, "object_id": "17", "object_repr": "Intermitente - Jornada de trabalho prolongado", "action_flag": 1, "change_message": "[{\"added\": {}}]"}}, {"model": "admin.logentry", "pk": 204, "fields": {"action_time": "2025-04-18T12:32:41.418Z", "user": 1, "content_type": 15, "object_id": "7", "object_repr": "Habitual/ Eventual - http://localhost:8000/admin/safety/riskaccident/add/", "action_flag": 3, "change_message": ""}}, {"model": "admin.logentry", "pk": 205, "fields": {"action_time": "2025-04-18T12:32:41.418Z", "user": 1, "content_type": 15, "object_id": "8", "object_repr": "Habitual/ Intermitente - http://localhost:8000/admin/safety/riskaccident/add/", "action_flag": 3, "change_message": ""}}, {"model": "admin.logentry", "pk": 206, "fields": {"action_time": "2025-04-18T12:32:41.418Z", "user": 1, "content_type": 15, "object_id": "9", "object_repr": "Habitual/ Permanente - http://localhost:8000/admin/safety/riskaccident/add/", "action_flag": 3, "change_message": ""}}, {"model": "admin.logentry", "pk": 207, "fields": {"action_time": "2025-04-18T12:32:41.418Z", "user": 1, "content_type": 15, "object_id": "10", "object_repr": "Intermitente - http://localhost:8000/admin/safety/riskaccident/add/", "action_flag": 3, "change_message": ""}}, {"model": "admin.logentry", "pk": 208, "fields": {"action_time": "2025-04-18T12:33:15.435Z", "user": 1, "content_type": 15, "object_id": "16", "object_repr": "Habitual/ Eventual - Máquinas e equipamentos sem proteção", "action_flag": 1, "change_message": "[{\"added\": {}}]"}}, {"model": "admin.logentry", "pk": 209, "fields": {"action_time": "2025-04-18T12:33:21.506Z", "user": 1, "content_type": 15, "object_id": "17", "object_repr": "Habitual/ Intermitente - Máquinas e equipamentos sem proteção", "action_flag": 1, "change_message": "[{\"added\": {}}]"}}, {"model": "admin.logentry", "pk": 210, "fields": {"action_time": "2025-04-18T12:33:30.665Z", "user": 1, "content_type": 15, "object_id": "18", "object_repr": "Habitual/ Permanente - Máquinas e equipamentos sem proteção", "action_flag": 1, "change_message": "[{\"added\": {}}]"}}, {"model": "admin.logentry", "pk": 211, "fields": {"action_time": "2025-04-18T12:33:34.650Z", "user": 1, "content_type": 15, "object_id": "19", "object_repr": "Intermitente - Máquinas e equipamentos sem proteção", "action_flag": 1, "change_message": "[{\"added\": {}}]"}}, {"model": "admin.logentry", "pk": 212, "fields": {"action_time": "2025-04-18T12:42:55.123Z", "user": 1, "content_type": 13, "object_id": "3", "object_repr": "Operação de Equipamentos de Transporte", "action_flag": 1, "change_message": "[{\"added\": {}}]"}}, {"model": "admin.logentry", "pk": 213, "fields": {"action_time": "2025-04-18T12:48:07.881Z", "user": 1, "content_type": 13, "object_id": "4", "object_repr": "Trabalho em Altura", "action_flag": 1, "change_message": "[{\"added\": {}}]"}}, {"model": "admin.logentry", "pk": 214, "fields": {"action_time": "2025-04-18T12:49:20.205Z", "user": 1, "content_type": 7, "object_id": "22", "object_repr": "Exame Clínico", "action_flag": 1, "change_message": "[{\"added\": {}}]"}}, {"model": "admin.logentry", "pk": 215, "fields": {"action_time": "2025-04-18T12:56:22.691Z", "user": 1, "content_type": 14, "object_id": "3", "object_repr": "Auxiliar de Saúde Bucal", "action_flag": 1, "change_message": "[{\"added\": {}}]"}}, {"model": "admin.logentry", "pk": 216, "fields": {"action_time": "2025-04-18T13:02:17.776Z", "user": 1, "content_type": 14, "object_id": "4", "object_repr": "Eletricista", "action_flag": 1, "change_message": "[{\"added\": {}}]"}}, {"model": "admin.logentry", "pk": 217, "fields": {"action_time": "2025-04-23T12:01:18.151Z", "user": 1, "content_type": 14, "object_id": "5", "object_repr": "Função Teste 1", "action_flag": 1, "change_message": "[{\"added\": {}}]"}}, {"model": "admin.logentry", "pk": 218, "fields": {"action_time": "2025-04-23T12:02:00.296Z", "user": 1, "content_type": 14, "object_id": "6", "object_repr": "Função Teste 2", "action_flag": 1, "change_message": "[{\"added\": {}}]"}}, {"model": "admin.logentry", "pk": 219, "fields": {"action_time": "2025-04-23T12:03:14.804Z", "user": 1, "content_type": 14, "object_id": "7", "object_repr": "Função Teste 3", "action_flag": 1, "change_message": "[{\"added\": {}}]"}}, {"model": "admin.logentry", "pk": 220, "fields": {"action_time": "2025-04-23T12:04:16.694Z", "user": 1, "content_type": 14, "object_id": "8", "object_repr": "Função Teste 4", "action_flag": 1, "change_message": "[{\"added\": {}}]"}}, {"model": "admin.logentry", "pk": 221, "fields": {"action_time": "2025-04-23T12:05:28.051Z", "user": 1, "content_type": 14, "object_id": "9", "object_repr": "Função Teste 5", "action_flag": 1, "change_message": "[{\"added\": {}}]"}}, {"model": "admin.logentry", "pk": 222, "fields": {"action_time": "2025-04-23T12:06:29.181Z", "user": 1, "content_type": 14, "object_id": "10", "object_repr": "Função Teste 6", "action_flag": 1, "change_message": "[{\"added\": {}}]"}}, {"model": "admin.logentry", "pk": 223, "fields": {"action_time": "2025-04-23T12:07:32.960Z", "user": 1, "content_type": 14, "object_id": "11", "object_repr": "Função Teste 7", "action_flag": 1, "change_message": "[{\"added\": {}}]"}}, {"model": "admin.logentry", "pk": 224, "fields": {"action_time": "2025-04-23T12:09:00.109Z", "user": 1, "content_type": 14, "object_id": "12", "object_repr": "Função Teste 8", "action_flag": 1, "change_message": "[{\"added\": {}}]"}}, {"model": "admin.logentry", "pk": 225, "fields": {"action_time": "2025-04-23T12:09:50.315Z", "user": 1, "content_type": 14, "object_id": "13", "object_repr": "Função Teste 9", "action_flag": 1, "change_message": "[{\"added\": {}}]"}}, {"model": "admin.logentry", "pk": 226, "fields": {"action_time": "2025-04-23T12:10:52.933Z", "user": 1, "content_type": 14, "object_id": "14", "object_repr": "Função Teste 10", "action_flag": 1, "change_message": "[{\"added\": {}}]"}}, {"model": "admin.logentry", "pk": 227, "fields": {"action_time": "2025-04-23T12:12:00.571Z", "user": 1, "content_type": 14, "object_id": "15", "object_repr": "Função Teste 11", "action_flag": 1, "change_message": "[{\"added\": {}}]"}}, {"model": "admin.logentry", "pk": 228, "fields": {"action_time": "2025-04-23T12:15:21.206Z", "user": 1, "content_type": 14, "object_id": "16", "object_repr": "Função Teste 12", "action_flag": 1, "change_message": "[{\"added\": {}}]"}}, {"model": "admin.logentry", "pk": 229, "fields": {"action_time": "2025-04-23T12:16:05.030Z", "user": 1, "content_type": 14, "object_id": "17", "object_repr": "Função Teste 13", "action_flag": 1, "change_message": "[{\"added\": {}}]"}}, {"model": "admin.logentry", "pk": 230, "fields": {"action_time": "2025-04-28T12:00:11.657Z", "user": 1, "content_type": 14, "object_id": "4", "object_repr": "Eletricista", "action_flag": 3, "change_message": ""}}, {"model": "admin.logentry", "pk": 231, "fields": {"action_time": "2025-04-28T12:08:35.891Z", "user": 1, "content_type": 14, "object_id": "17", "object_repr": "Função Teste 13", "action_flag": 3, "change_message": ""}}, {"model": "admin.logentry", "pk": 232, "fields": {"action_time": "2025-04-28T12:26:31.828Z", "user": 1, "content_type": 14, "object_id": "18", "object_repr": "Eletricista", "action_flag": 1, "change_message": "[{\"added\": {}}]"}}, {"model": "admin.logentry", "pk": 233, "fields": {"action_time": "2025-04-28T16:42:58.006Z", "user": 1, "content_type": 14, "object_id": "3", "object_repr": "Auxiliar de Saúde Bucal", "action_flag": 2, "change_message": "[{\"changed\": {\"fields\": [\"Slug\"]}}]"}}, {"model": "admin.logentry", "pk": 234, "fields": {"action_time": "2025-04-28T16:43:13.194Z", "user": 1, "content_type": 14, "object_id": "3", "object_repr": "Auxiliar de Saúde Bucal", "action_flag": 2, "change_message": "[]"}}, {"model": "admin.logentry", "pk": 235, "fields": {"action_time": "2025-04-28T16:44:08.859Z", "user": 1, "content_type": 14, "object_id": "18", "object_repr": "Eletricista", "action_flag": 2, "change_message": "[]"}}, {"model": "admin.logentry", "pk": 236, "fields": {"action_time": "2025-04-28T16:46:27.564Z", "user": 1, "content_type": 14, "object_id": "19", "object_repr": "teste", "action_flag": 1, "change_message": "[{\"added\": {}}]"}}, {"model": "admin.logentry", "pk": 237, "fields": {"action_time": "2025-04-28T16:57:33.452Z", "user": 1, "content_type": 13, "object_id": "1", "object_repr": "Manuseio de equipamentos energizados", "action_flag": 2, "change_message": "[]"}}, {"model": "admin.logentry", "pk": 238, "fields": {"action_time": "2025-04-28T16:57:42.584Z", "user": 1, "content_type": 13, "object_id": "1", "object_repr": "Manuseio de equipamentos energizados", "action_flag": 2, "change_message": "[]"}}, {"model": "admin.logentry", "pk": 239, "fields": {"action_time": "2025-04-30T13:21:51.825Z", "user": 1, "content_type": 14, "object_id": "5", "object_repr": "Função Teste 1", "action_flag": 2, "change_message": "[]"}}, {"model": "admin.logentry", "pk": 240, "fields": {"action_time": "2025-04-30T13:44:10.239Z", "user": 1, "content_type": 14, "object_id": "3", "object_repr": "Auxiliar de Saúde Bucal", "action_flag": 2, "change_message": "[{\"changed\": {\"fields\": [\"Descri\\u00e7\\u00e3o da Fun\\u00e7\\u00e3o\"]}}]"}}, {"model": "admin.logentry", "pk": 241, "fields": {"action_time": "2025-04-30T13:44:58.693Z", "user": 1, "content_type": 14, "object_id": "3", "object_repr": "Auxiliar de Saúde Bucal", "action_flag": 2, "change_message": "[{\"changed\": {\"fields\": [\"Descri\\u00e7\\u00e3o da Fun\\u00e7\\u00e3o\"]}}]"}}, {"model": "admin.logentry", "pk": 242, "fields": {"action_time": "2025-04-30T13:45:20.523Z", "user": 1, "content_type": 14, "object_id": "3", "object_repr": "Auxiliar de Saúde Bucal", "action_flag": 2, "change_message": "[{\"changed\": {\"fields\": [\"Descri\\u00e7\\u00e3o da Fun\\u00e7\\u00e3o\"]}}]"}}, {"model": "admin.logentry", "pk": 243, "fields": {"action_time": "2025-04-30T14:06:22.030Z", "user": 1, "content_type": 14, "object_id": "3", "object_repr": "Auxiliar de Saúde Bucal", "action_flag": 2, "change_message": "[{\"changed\": {\"fields\": [\"Atividades Especiais Associadas\"]}}]"}}, {"model": "admin.logentry", "pk": 244, "fields": {"action_time": "2025-04-30T14:06:46.408Z", "user": 1, "content_type": 14, "object_id": "3", "object_repr": "Auxiliar de Saúde Bucal", "action_flag": 2, "change_message": "[{\"changed\": {\"fields\": [\"Atividades Especiais Associadas\"]}}]"}}, {"model": "admin.logentry", "pk": 245, "fields": {"action_time": "2025-04-30T14:13:15.385Z", "user": 1, "content_type": 14, "object_id": "3", "object_repr": "Auxiliar de Saúde Bucal", "action_flag": 3, "change_message": ""}}, {"model": "admin.logentry", "pk": 246, "fields": {"action_time": "2025-04-30T14:14:53.976Z", "user": 1, "content_type": 14, "object_id": "20", "object_repr": "Auxiliar de Saúde Bucal", "action_flag": 1, "change_message": "[{\"added\": {}}]"}}, {"model": "admin.logentry", "pk": 247, "fields": {"action_time": "2025-04-30T14:15:08.937Z", "user": 1, "content_type": 14, "object_id": "20", "object_repr": "Auxiliar de Saúde Bucal", "action_flag": 2, "change_message": "[{\"changed\": {\"fields\": [\"CBO\"]}}]"}}, {"model": "admin.logentry", "pk": 248, "fields": {"action_time": "2025-04-30T14:16:11.554Z", "user": 1, "content_type": 14, "object_id": "21", "object_repr": "A função de teste", "action_flag": 1, "change_message": "[{\"added\": {}}]"}}, {"model": "admin.logentry", "pk": 249, "fields": {"action_time": "2025-04-30T14:17:13.592Z", "user": 1, "content_type": 14, "object_id": "21", "object_repr": "A função de teste", "action_flag": 3, "change_message": ""}}, {"model": "admin.logentry", "pk": 250, "fields": {"action_time": "2025-04-30T14:17:55.580Z", "user": 1, "content_type": 14, "object_id": "22", "object_repr": "A função de teste", "action_flag": 1, "change_message": "[{\"added\": {}}]"}}, {"model": "admin.logentry", "pk": 251, "fields": {"action_time": "2025-05-01T12:45:10.241Z", "user": 1, "content_type": 14, "object_id": "23", "object_repr": "Função Teste Vazia", "action_flag": 1, "change_message": "[{\"added\": {}}]"}}, {"model": "admin.logentry", "pk": 252, "fields": {"action_time": "2025-05-01T12:58:02.318Z", "user": 1, "content_type": 7, "object_id": "11", "object_repr": "Creatinina", "action_flag": 2, "change_message": "[{\"changed\": {\"fields\": [\"Descri\\u00e7\\u00e3o\"]}}]"}}, {"model": "admin.logentry", "pk": 253, "fields": {"action_time": "2025-05-01T13:30:25.400Z", "user": 1, "content_type": 14, "object_id": "23", "object_repr": "Função Teste Vazia", "action_flag": 2, "change_message": "[{\"changed\": {\"fields\": [\"Exames Admissionais\", \"Exames Peri\\u00f3dicos\", \"Exames Demissionais\", \"Exames de Retorno ao Trabalho\", \"Exames de Mudan\\u00e7a de Fun\\u00e7\\u00e3o\"]}}]"}}, {"model": "admin.logentry", "pk": 254, "fields": {"action_time": "2025-05-01T14:19:21.918Z", "user": 1, "content_type": 12, "object_id": "23", "object_repr": "Aventais de amianto", "action_flag": 2, "change_message": "[{\"changed\": {\"fields\": [\"Tipos de EPI\"]}}]"}}, {"model": "admin.logentry", "pk": 255, "fields": {"action_time": "2025-05-01T14:24:40.417Z", "user": 1, "content_type": 14, "object_id": "20", "object_repr": "Auxiliar de Saúde Bucal", "action_flag": 2, "change_message": "[{\"changed\": {\"fields\": [\"EPIs Associados \\u00e0 Fun\\u00e7\\u00e3o\"]}}]"}}, {"model": "auth.permission", "pk": 1, "fields": {"name": "Can add log entry", "content_type": 1, "codename": "add_logentry"}}, {"model": "auth.permission", "pk": 2, "fields": {"name": "Can change log entry", "content_type": 1, "codename": "change_logentry"}}, {"model": "auth.permission", "pk": 3, "fields": {"name": "Can delete log entry", "content_type": 1, "codename": "delete_logentry"}}, {"model": "auth.permission", "pk": 4, "fields": {"name": "Can view log entry", "content_type": 1, "codename": "view_logentry"}}, {"model": "auth.permission", "pk": 5, "fields": {"name": "Can add permission", "content_type": 2, "codename": "add_permission"}}, {"model": "auth.permission", "pk": 6, "fields": {"name": "Can change permission", "content_type": 2, "codename": "change_permission"}}, {"model": "auth.permission", "pk": 7, "fields": {"name": "Can delete permission", "content_type": 2, "codename": "delete_permission"}}, {"model": "auth.permission", "pk": 8, "fields": {"name": "Can view permission", "content_type": 2, "codename": "view_permission"}}, {"model": "auth.permission", "pk": 9, "fields": {"name": "Can add group", "content_type": 3, "codename": "add_group"}}, {"model": "auth.permission", "pk": 10, "fields": {"name": "Can change group", "content_type": 3, "codename": "change_group"}}, {"model": "auth.permission", "pk": 11, "fields": {"name": "Can delete group", "content_type": 3, "codename": "delete_group"}}, {"model": "auth.permission", "pk": 12, "fields": {"name": "Can view group", "content_type": 3, "codename": "view_group"}}, {"model": "auth.permission", "pk": 13, "fields": {"name": "Can add user", "content_type": 4, "codename": "add_user"}}, {"model": "auth.permission", "pk": 14, "fields": {"name": "Can change user", "content_type": 4, "codename": "change_user"}}, {"model": "auth.permission", "pk": 15, "fields": {"name": "Can delete user", "content_type": 4, "codename": "delete_user"}}, {"model": "auth.permission", "pk": 16, "fields": {"name": "Can view user", "content_type": 4, "codename": "view_user"}}, {"model": "auth.permission", "pk": 17, "fields": {"name": "Can add content type", "content_type": 5, "codename": "add_contenttype"}}, {"model": "auth.permission", "pk": 18, "fields": {"name": "Can change content type", "content_type": 5, "codename": "change_contenttype"}}, {"model": "auth.permission", "pk": 19, "fields": {"name": "Can delete content type", "content_type": 5, "codename": "delete_contenttype"}}, {"model": "auth.permission", "pk": 20, "fields": {"name": "Can view content type", "content_type": 5, "codename": "view_contenttype"}}, {"model": "auth.permission", "pk": 21, "fields": {"name": "Can add session", "content_type": 6, "codename": "add_session"}}, {"model": "auth.permission", "pk": 22, "fields": {"name": "Can change session", "content_type": 6, "codename": "change_session"}}, {"model": "auth.permission", "pk": 23, "fields": {"name": "Can delete session", "content_type": 6, "codename": "delete_session"}}, {"model": "auth.permission", "pk": 24, "fields": {"name": "Can view session", "content_type": 6, "codename": "view_session"}}, {"model": "auth.permission", "pk": 25, "fields": {"name": "Can add Exame", "content_type": 7, "codename": "add_exam"}}, {"model": "auth.permission", "pk": 26, "fields": {"name": "Can change Exame", "content_type": 7, "codename": "change_exam"}}, {"model": "auth.permission", "pk": 27, "fields": {"name": "Can delete Exame", "content_type": 7, "codename": "delete_exam"}}, {"model": "auth.permission", "pk": 28, "fields": {"name": "Can view Exame", "content_type": 7, "codename": "view_exam"}}, {"model": "auth.permission", "pk": 29, "fields": {"name": "Can add Treinamento", "content_type": 8, "codename": "add_training"}}, {"model": "auth.permission", "pk": 30, "fields": {"name": "Can change Treinamento", "content_type": 8, "codename": "change_training"}}, {"model": "auth.permission", "pk": 31, "fields": {"name": "Can delete Treinamento", "content_type": 8, "codename": "delete_training"}}, {"model": "auth.permission", "pk": 32, "fields": {"name": "Can view Treinamento", "content_type": 8, "codename": "view_training"}}, {"model": "auth.permission", "pk": 33, "fields": {"name": "Can add Tipo de Exposição", "content_type": 9, "codename": "add_expositionrisk"}}, {"model": "auth.permission", "pk": 34, "fields": {"name": "Can change Tipo de Exposição", "content_type": 9, "codename": "change_expositionrisk"}}, {"model": "auth.permission", "pk": 35, "fields": {"name": "Can delete Tipo de Exposição", "content_type": 9, "codename": "delete_expositionrisk"}}, {"model": "auth.permission", "pk": 36, "fields": {"name": "Can view Tipo de Exposição", "content_type": 9, "codename": "view_expositionrisk"}}, {"model": "auth.permission", "pk": 37, "fields": {"name": "Can add Risco", "content_type": 10, "codename": "add_risk"}}, {"model": "auth.permission", "pk": 38, "fields": {"name": "Can change Risco", "content_type": 10, "codename": "change_risk"}}, {"model": "auth.permission", "pk": 39, "fields": {"name": "Can delete Risco", "content_type": 10, "codename": "delete_risk"}}, {"model": "auth.permission", "pk": 40, "fields": {"name": "Can view Risco", "content_type": 10, "codename": "view_risk"}}, {"model": "auth.permission", "pk": 41, "fields": {"name": "Can add Tipo de EPI", "content_type": 11, "codename": "add_typeepi"}}, {"model": "auth.permission", "pk": 42, "fields": {"name": "Can change Tipo de EPI", "content_type": 11, "codename": "change_typeepi"}}, {"model": "auth.permission", "pk": 43, "fields": {"name": "Can delete Tipo de EPI", "content_type": 11, "codename": "delete_typeepi"}}, {"model": "auth.permission", "pk": 44, "fields": {"name": "Can view Tipo de EPI", "content_type": 11, "codename": "view_typeepi"}}, {"model": "auth.permission", "pk": 45, "fields": {"name": "Can add EPI", "content_type": 12, "codename": "add_epi"}}, {"model": "auth.permission", "pk": 46, "fields": {"name": "Can change EPI", "content_type": 12, "codename": "change_epi"}}, {"model": "auth.permission", "pk": 47, "fields": {"name": "Can delete EPI", "content_type": 12, "codename": "delete_epi"}}, {"model": "auth.permission", "pk": 48, "fields": {"name": "Can view EPI", "content_type": 12, "codename": "view_epi"}}, {"model": "auth.permission", "pk": 49, "fields": {"name": "Can add Atividade Especial", "content_type": 13, "codename": "add_specialactivity"}}, {"model": "auth.permission", "pk": 50, "fields": {"name": "Can change Atividade Especial", "content_type": 13, "codename": "change_specialactivity"}}, {"model": "auth.permission", "pk": 51, "fields": {"name": "Can delete Atividade Especial", "content_type": 13, "codename": "delete_specialactivity"}}, {"model": "auth.permission", "pk": 52, "fields": {"name": "Can view Atividade Especial", "content_type": 13, "codename": "view_specialactivity"}}, {"model": "auth.permission", "pk": 53, "fields": {"name": "Can add Função", "content_type": 14, "codename": "add_function"}}, {"model": "auth.permission", "pk": 54, "fields": {"name": "Can change Função", "content_type": 14, "codename": "change_function"}}, {"model": "auth.permission", "pk": 55, "fields": {"name": "Can delete Função", "content_type": 14, "codename": "delete_function"}}, {"model": "auth.permission", "pk": 56, "fields": {"name": "Can view Função", "content_type": 14, "codename": "view_function"}}, {"model": "auth.permission", "pk": 57, "fields": {"name": "Can add Risco de Acidente", "content_type": 15, "codename": "add_riskaccident"}}, {"model": "auth.permission", "pk": 58, "fields": {"name": "Can change Risco de Acidente", "content_type": 15, "codename": "change_riskaccident"}}, {"model": "auth.permission", "pk": 59, "fields": {"name": "Can delete Risco de Acidente", "content_type": 15, "codename": "delete_riskaccident"}}, {"model": "auth.permission", "pk": 60, "fields": {"name": "Can view Risco de Acidente", "content_type": 15, "codename": "view_riskaccident"}}, {"model": "auth.permission", "pk": 61, "fields": {"name": "Can add Risco Biológico", "content_type": 16, "codename": "add_riskbiological"}}, {"model": "auth.permission", "pk": 62, "fields": {"name": "Can change Risco Biológico", "content_type": 16, "codename": "change_riskbiological"}}, {"model": "auth.permission", "pk": 63, "fields": {"name": "Can delete Risco Biológico", "content_type": 16, "codename": "delete_riskbiological"}}, {"model": "auth.permission", "pk": 64, "fields": {"name": "Can view Risco Biológico", "content_type": 16, "codename": "view_riskbiological"}}, {"model": "auth.permission", "pk": 65, "fields": {"name": "Can add Risco Químico", "content_type": 17, "codename": "add_riskchemical"}}, {"model": "auth.permission", "pk": 66, "fields": {"name": "Can change Risco Químico", "content_type": 17, "codename": "change_riskchemical"}}, {"model": "auth.permission", "pk": 67, "fields": {"name": "Can delete Risco Químico", "content_type": 17, "codename": "delete_riskchemical"}}, {"model": "auth.permission", "pk": 68, "fields": {"name": "Can view Risco Químico", "content_type": 17, "codename": "view_riskchemical"}}, {"model": "auth.permission", "pk": 69, "fields": {"name": "Can add Risco Ergonômico", "content_type": 18, "codename": "add_riskergonomic"}}, {"model": "auth.permission", "pk": 70, "fields": {"name": "Can change Risco Ergonômico", "content_type": 18, "codename": "change_riskergonomic"}}, {"model": "auth.permission", "pk": 71, "fields": {"name": "Can delete Risco Ergonômico", "content_type": 18, "codename": "delete_riskergonomic"}}, {"model": "auth.permission", "pk": 72, "fields": {"name": "Can view Risco Ergonômico", "content_type": 18, "codename": "view_riskergonomic"}}, {"model": "auth.permission", "pk": 73, "fields": {"name": "Can add Risco Físico", "content_type": 19, "codename": "add_riskphysical"}}, {"model": "auth.permission", "pk": 74, "fields": {"name": "Can change Risco Físico", "content_type": 19, "codename": "change_riskphysical"}}, {"model": "auth.permission", "pk": 75, "fields": {"name": "Can delete Risco Físico", "content_type": 19, "codename": "delete_riskphysical"}}, {"model": "auth.permission", "pk": 76, "fields": {"name": "Can view Risco Físico", "content_type": 19, "codename": "view_riskphysical"}}, {"model": "auth.user", "pk": 1, "fields": {"password": "pbkdf2_sha256$1000000$mGkSZVEmhAWeUb8FXqUzqC$cKzAv699Vewc9Ptj9Gz9p+vCrNLgTzp1Dx0seowBSfo=", "last_login": "2025-05-01T12:44:29.493Z", "is_superuser": true, "username": "admin", "first_name": "", "last_name": "", "email": "", "is_staff": true, "is_active": true, "date_joined": "2025-04-14T14:52:35.802Z", "groups": [], "user_permissions": []}}, {"model": "contenttypes.contenttype", "pk": 1, "fields": {"app_label": "admin", "model": "logentry"}}, {"model": "contenttypes.contenttype", "pk": 2, "fields": {"app_label": "auth", "model": "permission"}}, {"model": "contenttypes.contenttype", "pk": 3, "fields": {"app_label": "auth", "model": "group"}}, {"model": "contenttypes.contenttype", "pk": 4, "fields": {"app_label": "auth", "model": "user"}}, {"model": "contenttypes.contenttype", "pk": 5, "fields": {"app_label": "contenttypes", "model": "contenttype"}}, {"model": "contenttypes.contenttype", "pk": 6, "fields": {"app_label": "sessions", "model": "session"}}, {"model": "contenttypes.contenttype", "pk": 7, "fields": {"app_label": "exam", "model": "exam"}}, {"model": "contenttypes.contenttype", "pk": 8, "fields": {"app_label": "training", "model": "training"}}, {"model": "contenttypes.contenttype", "pk": 9, "fields": {"app_label": "safety", "model": "expositionrisk"}}, {"model": "contenttypes.contenttype", "pk": 10, "fields": {"app_label": "safety", "model": "risk"}}, {"model": "contenttypes.contenttype", "pk": 11, "fields": {"app_label": "safety", "model": "typeepi"}}, {"model": "contenttypes.contenttype", "pk": 12, "fields": {"app_label": "safety", "model": "epi"}}, {"model": "contenttypes.contenttype", "pk": 13, "fields": {"app_label": "function", "model": "specialactivity"}}, {"model": "contenttypes.contenttype", "pk": 14, "fields": {"app_label": "function", "model": "function"}}, {"model": "contenttypes.contenttype", "pk": 15, "fields": {"app_label": "safety", "model": "riskaccident"}}, {"model": "contenttypes.contenttype", "pk": 16, "fields": {"app_label": "safety", "model": "riskbiological"}}, {"model": "contenttypes.contenttype", "pk": 17, "fields": {"app_label": "safety", "model": "riskchemical"}}, {"model": "contenttypes.contenttype", "pk": 18, "fields": {"app_label": "safety", "model": "riskergonomic"}}, {"model": "contenttypes.contenttype", "pk": 19, "fields": {"app_label": "safety", "model": "riskphysical"}}, {"model": "sessions.session", "pk": "0dxf3px919x5xssyksjelgyo5jzv5r6u", "fields": {"session_data": ".eJxVjDsOwjAQBe_iGlm2d-21Kelzhmj9wwGUSHFSIe6OIqWA9s3Me4uR962Ney_rOGVxFVpcfrfI6VnmA-QHz_dFpmXe1inKQ5En7XJYcnndTvfvoHFvR-0QLKbAJpKvZLBWQBVAhVAcZnJaJQ9WR4ZCaBOSJQU2J--YTK3i8wW-VTb4:1uATHB:SKJ6PfNO8FnUKXMhnlYNRqKJ_1s8rHizwfyjvMDmD6Y", "expire_date": "2025-05-15T12:44:29.915Z"}}, {"model": "sessions.session", "pk": "71t4tuxwiiyke6moxorzfcidpy09lq9u", "fields": {"session_data": ".eJxVjDsOwjAQBe_iGlm2d-21Kelzhmj9wwGUSHFSIe6OIqWA9s3Me4uR962Ney_rOGVxFVpcfrfI6VnmA-QHz_dFpmXe1inKQ5En7XJYcnndTvfvoHFvR-0QLKbAJpKvZLBWQBVAhVAcZnJaJQ9WR4ZCaBOSJQU2J--YTK3i8wW-VTb4:1uA4Tj:wcdTgdLv_2PEqi713vLzwZb6L1RE2QoM69zknRoxygI", "expire_date": "2025-05-14T10:15:47.718Z"}}, {"model": "sessions.session", "pk": "epchaox7mjb5lat5gqwcmr5xfstg30sk", "fields": {"session_data": ".eJxVjDsOwjAQBe_iGlm2d-21Kelzhmj9wwGUSHFSIe6OIqWA9s3Me4uR962Ney_rOGVxFVpcfrfI6VnmA-QHz_dFpmXe1inKQ5En7XJYcnndTvfvoHFvR-0QLKbAJpKvZLBWQBVAhVAcZnJaJQ9WR4ZCaBOSJQU2J--YTK3i8wW-VTb4:1u9NGx:75H0olajajafA5Z8GtEf_OaUBbdVwbsoc-emllck2gg", "expire_date": "2025-05-12T12:07:43.807Z"}}, {"model": "sessions.session", "pk": "ez7p0jyk46g0evvh2h0kvwmft3r55xpa", "fields": {"session_data": ".eJxVjDsOwjAQBe_iGlm2d-21Kelzhmj9wwGUSHFSIe6OIqWA9s3Me4uR962Ney_rOGVxFVpcfrfI6VnmA-QHz_dFpmXe1inKQ5En7XJYcnndTvfvoHFvR-0QLKbAJpKvZLBWQBVAhVAcZnJaJQ9WR4ZCaBOSJQU2J--YTK3i8wW-VTb4:1u6nYY:WN7GhXA4YC3Eed1vfEJ9BktY8pgZI0qsVcIKmtgQAcI", "expire_date": "2025-05-05T09:35:14.729Z"}}, {"model": "sessions.session", "pk": "fvwnamz8lbv9xoext9v90ko7920yltfn", "fields": {"session_data": ".eJxVjDsOwjAQBe_iGlm2d-21Kelzhmj9wwGUSHFSIe6OIqWA9s3Me4uR962Ney_rOGVxFVpcfrfI6VnmA-QHz_dFpmXe1inKQ5En7XJYcnndTvfvoHFvR-0QLKbAJpKvZLBWQBVAhVAcZnJaJQ9WR4ZCaBOSJQU2J--YTK3i8wW-VTb4:1u5k7v:0bKPTcANTCD5yyRKRJ1oRCwkiVNOgbNfKb2m9ZrT3XI", "expire_date": "2025-05-02T11:43:23.871Z"}}, {"model": "sessions.session", "pk": "hgufdjsbiyipwr87pb05ydulcs2f7io5", "fields": {"session_data": ".eJxVjDsOwjAQBe_iGlm2d-21Kelzhmj9wwGUSHFSIe6OIqWA9s3Me4uR962Ney_rOGVxFVpcfrfI6VnmA-QHz_dFpmXe1inKQ5En7XJYcnndTvfvoHFvR-0QLKbAJpKvZLBWQBVAhVAcZnJaJQ9WR4ZCaBOSJQU2J--YTK3i8wW-VTb4:1u4LAw:RoEUv0Py6ryghtsUR9XclYyAZiUYWLgtzJMaYr2ZVoI", "expire_date": "2025-04-28T14:52:42.094Z"}}, {"model": "sessions.session", "pk": "nd2wfi9v4s1cd9ziprz4islgjyh23ok7", "fields": {"session_data": ".eJxVjDsOwjAQBe_iGlm2d-21Kelzhmj9wwGUSHFSIe6OIqWA9s3Me4uR962Ney_rOGVxFVpcfrfI6VnmA-QHz_dFpmXe1inKQ5En7XJYcnndTvfvoHFvR-0QLKbAJpKvZLBWQBVAhVAcZnJaJQ9WR4ZCaBOSJQU2J--YTK3i8wW-VTb4:1u4eRp:EY8-MzIn0GR0SxZZxtl50nven2ckMax9AucQD827A-I", "expire_date": "2025-04-29T11:27:25.369Z"}}, {"model": "sessions.session", "pk": "pa8skf42nxum8v6npnhm10gliaw5jk2j", "fields": {"session_data": ".eJxVjDsOwjAQBe_iGlm2d-21Kelzhmj9wwGUSHFSIe6OIqWA9s3Me4uR962Ney_rOGVxFVpcfrfI6VnmA-QHz_dFpmXe1inKQ5En7XJYcnndTvfvoHFvR-0QLKbAJpKvZLBWQBVAhVAcZnJaJQ9WR4ZCaBOSJQU2J--YTK3i8wW-VTb4:1u7YG5:xtlNWtP2sZPAKzxSqNXMLhLZGcJYbNZEosYm8Kr-PY8", "expire_date": "2025-05-07T11:27:17.041Z"}}, {"model": "sessions.session", "pk": "z5yybimrhdblhnzrw6k1aodzf5s8fi36", "fields": {"session_data": ".eJxVjDsOwjAQBe_iGlm2d-21Kelzhmj9wwGUSHFSIe6OIqWA9s3Me4uR962Ney_rOGVxFVpcfrfI6VnmA-QHz_dFpmXe1inKQ5En7XJYcnndTvfvoHFvR-0QLKbAJpKvZLBWQBVAhVAcZnJaJQ9WR4ZCaBOSJQU2J--YTK3i8wW-VTb4:1u4zUh:vjO1NvqpjBgvIstx62FaGra4n5vTqF8B6ESb1hU5NVg", "expire_date": "2025-04-30T09:55:47.832Z"}}, {"model": "function.specialactivity", "pk": 1, "fields": {"name": "Manuseio de equipamentos energizados", "description": "Descrição legal da atividade.", "mandatory": "OBRIGATORIO EM ATIVIDADES ESPECIFICAS", "slug": "manuseio-de-equipamentos-energizados", "risks_chemical": [], "risks_physical": [], "risks_biological": [], "risks_accident": [], "risks_ergonomic": [], "trainings": [], "epis": [], "exams_admissional": [18, 4, 11, 6, 7], "exams_periodic": [18, 21, 11, 7], "exams_dismissal": [8, 12], "exams_return_work": [21, 11], "exams_change_function": [18, 21, 3, 11]}}, {"model": "function.specialactivity", "pk": 2, "fields": {"name": "Trabalho com pintura (Tintas e Solventes)", "description": "", "mandatory": "OBRIGATORIO AO CIRCULAR PELA AREA DE PRODUCAO", "slug": null, "risks_chemical": [], "risks_physical": [3], "risks_biological": [1], "risks_accident": [1], "risks_ergonomic": [5], "trainings": [2], "epis": [], "exams_admissional": [18, 19, 4, 11, 20, 8, 16, 13, 10, 14, 15, 17], "exams_periodic": [8, 13], "exams_dismissal": [8, 13, 10], "exams_return_work": [4, 8], "exams_change_function": [21, 8, 13]}}, {"model": "function.specialactivity", "pk": 3, "fields": {"name": "Operação de Equipamentos de Transporte", "description": "", "mandatory": "OBRIGATORIO EM ATIVIDADES ESPECIFICAS", "slug": null, "risks_chemical": [], "risks_physical": [2, 13], "risks_biological": [], "risks_accident": [6, 1], "risks_ergonomic": [2, 13], "trainings": [2, 5, 9], "epis": [9, 30, 11, 31], "exams_admissional": [4, 5, 6, 7, 12, 13], "exams_periodic": [4, 5, 6, 7, 12, 13], "exams_dismissal": [4, 5, 6, 7, 12, 13], "exams_return_work": [4, 5, 6, 7, 12, 13], "exams_change_function": [4, 5, 6, 7, 12, 13]}}, {"model": "function.specialactivity", "pk": 4, "fields": {"name": "Trabalho em Altura", "description": "", "mandatory": "OBRIGATORIO EM TODAS AS ATIVIDADES", "slug": null, "risks_chemical": [18], "risks_physical": [2, 13], "risks_biological": [], "risks_accident": [18, 11], "risks_ergonomic": [2], "trainings": [2, 6, 9], "epis": [9, 26, 11, 14, 31], "exams_admissional": [5, 3, 6, 7, 12, 13], "exams_periodic": [5, 3, 6, 7, 12, 13], "exams_dismissal": [5, 3, 6, 7, 12, 13], "exams_return_work": [5, 3, 6, 7, 12, 13], "exams_change_function": [5, 3, 6, 7, 12, 13]}}, {"model": "function.function", "pk": 1, "fields": {"name": "Maçariqueiro", "description": "Operam maçarico, manual ou em máquinas e equipamentos de projeção térmica, para cortar peças metálicas, selar materiais, remover excessos (chanfrar), aquecer ou realizar outras operações de corte e preparação de superfícies metálicas. Preparam os equipamentos, acessórios e consumíveis necessários. Verificam as condições das peças a serem trabalhadas e aplicam as normas de segurança pertinentes à operação com gases e altas temperaturas.", "cbo": "7243-15", "epi_mandatory": "OBRIGATORIO AO CIRCULAR PELA AREA DE PRODUCAO", "slug": null, "special_activities": [1], "risks_chemical": [], "risks_physical": [], "risks_biological": [], "risks_accident": [], "risks_ergonomic": [5], "trainings": [2, 4], "epis": [], "exams_admissional": [4, 5, 11, 20, 8, 13, 10, 17], "exams_periodic": [5, 8], "exams_dismissal": [4, 5, 11, 20, 8, 13, 10, 17], "exams_return_work": [4, 5, 20, 10], "exams_change_function": [4, 5, 20, 16, 10, 15]}}, {"model": "function.function", "pk": 2, "fields": {"name": "Mecânicos", "description": "Realizam manutenção em componentes, equipamentos e máquinas industriais; planejam atividades de manutenção; avaliam condições de funcionamento e desempenho de componentes de máquinas e equipamentos; lubrificam máquinas, componentes e ferramentas. Documentam informações técnicas; realizam ações de qualidade e preservação ambiental e trabalham segundo normas de segurança.", "cbo": "9131-05", "epi_mandatory": "OBRIGATORIO AO CIRCULAR PELA AREA DE PRODUCAO", "slug": null, "special_activities": [2], "risks_chemical": [], "risks_physical": [5], "risks_biological": [1], "risks_accident": [2, 4], "risks_ergonomic": [2, 5], "trainings": [2, 3], "epis": [], "exams_admissional": [21, 11, 9], "exams_periodic": [5, 3], "exams_dismissal": [4, 5, 3, 8], "exams_return_work": [3, 6, 8], "exams_change_function": [4, 3, 20, 8, 12, 13]}}, {"model": "function.function", "pk": 5, "fields": {"name": "Função Teste 1", "description": "Descrição Teste Descrição Teste Descrição Teste Descrição Teste Descrição Teste \r\nDescrição Teste Descrição Teste Descrição Teste Descrição Teste Descrição Teste \r\nDescrição Teste Descrição Teste Descrição Teste Descrição Teste Descrição Teste \r\nDescrição Teste Descrição Teste Descrição Teste Descrição Teste", "cbo": "3172-10", "epi_mandatory": "OBRIGATORIO EM TODAS AS ATIVIDADES", "slug": "funcao-teste-1-3172-10", "special_activities": [1], "risks_chemical": [11, 12, 19], "risks_physical": [3, 15], "risks_biological": [6], "risks_accident": [1], "risks_ergonomic": [10], "trainings": [5, 7], "epis": [22, 9, 32], "exams_admissional": [5, 3, 20], "exams_periodic": [5, 11, 6], "exams_dismissal": [21, 11, 20], "exams_return_work": [21, 11, 20], "exams_change_function": [3, 20, 7, 8]}}, {"model": "function.function", "pk": 6, "fields": {"name": "Função Teste 2", "description": "Descrição Teste Descrição Teste Descrição Teste Descrição Teste Descrição Teste \r\nDescrição Teste Descrição Teste Descrição Teste Descrição Teste Descrição Teste \r\nDescrição Teste Descrição Teste Descrição Teste Descrição Teste Descrição Teste \r\nDescrição Teste Descrição Teste Descrição Teste Descrição Teste", "cbo": "3172-10", "epi_mandatory": "OBRIGATORIO EM ATIVIDADES ESPECIFICAS", "slug": null, "special_activities": [2], "risks_chemical": [12, 15], "risks_physical": [13], "risks_biological": [3, 4], "risks_accident": [1, 5], "risks_ergonomic": [], "trainings": [3], "epis": [10, 17, 32], "exams_admissional": [6, 7], "exams_periodic": [4, 3], "exams_dismissal": [19, 5], "exams_return_work": [19, 3], "exams_change_function": [3, 11]}}, {"model": "function.function", "pk": 7, "fields": {"name": "Função Teste 3", "description": "Descrição Teste Descrição Teste Descrição Teste Descrição Teste Descrição Teste Descrição Teste Descrição Teste Descrição Teste Descrição Teste Descrição Teste Descrição Teste Descrição Teste Descrição Teste Descrição Teste Descrição Teste Descrição Teste Descrição Teste Descrição Teste Descrição Teste", "cbo": "3172-10", "epi_mandatory": "OBRIGATORIO EM ATIVIDADES ESPECIFICAS", "slug": null, "special_activities": [1, 2], "risks_chemical": [15, 7, 16], "risks_physical": [2], "risks_biological": [], "risks_accident": [2], "risks_ergonomic": [12], "trainings": [7], "epis": [9, 17], "exams_admissional": [4, 11, 7], "exams_periodic": [3, 6], "exams_dismissal": [11, 10], "exams_return_work": [5, 11, 20, 8, 16], "exams_change_function": [21, 5, 3, 11]}}, {"model": "function.function", "pk": 8, "fields": {"name": "Função Teste 4", "description": "Descrição Teste Descrição Teste Descrição Teste Descrição Teste Descrição Teste Descrição Teste Descrição Teste Descrição Teste Descrição Teste Descrição Teste Descrição Teste Descrição Teste Descrição Teste Descrição Teste Descrição Teste Descrição Teste Descrição Teste Descrição Teste Descrição Teste", "cbo": "3172-10", "epi_mandatory": "OBRIGATORIO AO CIRCULAR PELA AREA DE PRODUCAO", "slug": null, "special_activities": [1, 3, 2, 4], "risks_chemical": [11, 12, 13, 14, 15, 6, 7, 8, 9, 10, 16, 17, 18, 19, 20], "risks_physical": [1, 2, 3, 5, 6, 12, 13, 14, 15, 16, 7, 8, 9, 10, 11], "risks_biological": [1, 2, 3, 4, 5, 6, 7, 8, 9, 10, 11, 12, 13, 14, 15], "risks_accident": [6, 16, 17, 18, 19, 1, 2, 3, 4, 5, 11, 12, 13, 14, 15], "risks_ergonomic": [1, 2, 4, 5, 7, 8, 9, 10, 11, 12, 13, 14, 15, 16, 17], "trainings": [2, 3, 4, 5, 6, 7, 8, 9], "epis": [23, 21, 22, 33, 10, 9, 17, 18, 32, 24, 26, 25, 29, 27, 28, 30, 13, 11, 34, 19, 20, 12, 14, 16, 15, 31], "exams_admissional": [18, 19, 4, 21, 5, 3, 11, 20, 6, 7, 8, 22, 16, 12, 13, 9, 10, 14, 15, 17], "exams_periodic": [18, 19, 4, 21, 5, 3, 11, 20, 6, 7, 8, 22, 16, 12, 13, 9, 10, 14, 15, 17], "exams_dismissal": [18, 19, 4, 21, 5, 3, 11, 20, 6, 7, 8, 22, 16, 12, 13, 9, 10, 14, 15, 17], "exams_return_work": [18, 19, 4, 21, 5, 3, 11, 20, 6, 7, 8, 22, 16, 12, 13, 9, 10, 14, 15, 17], "exams_change_function": [18, 19, 4, 21, 5, 3, 11, 20, 6, 7, 8, 22, 16, 12, 13, 9, 10, 14, 15, 17]}}, {"model": "function.function", "pk": 9, "fields": {"name": "Função Teste 5", "description": "Descrição Teste Descrição Teste Descrição Teste Descrição Teste Descrição Teste Descrição Teste Descrição Teste Descrição Teste Descrição Teste Descrição Teste Descrição Teste Descrição Teste Descrição Teste Descrição Teste Descrição Teste Descrição Teste Descrição Teste Descrição Teste Descrição Teste Descrição Teste Descrição Teste Descrição Teste Descrição Teste Descrição Teste Descrição Teste Descrição Teste Descrição Teste Descrição Teste Descrição Teste Descrição Teste Descrição Teste Descrição Teste Descrição Teste Descrição Teste Descrição Teste Descrição Teste Descrição Teste Descrição Teste", "cbo": "3172-10", "epi_mandatory": null, "slug": null, "special_activities": [], "risks_chemical": [], "risks_physical": [], "risks_biological": [], "risks_accident": [], "risks_ergonomic": [], "trainings": [7], "epis": [], "exams_admissional": [22], "exams_periodic": [], "exams_dismissal": [22], "exams_return_work": [22], "exams_change_function": [22]}}, {"model": "function.function", "pk": 10, "fields": {"name": "Função Teste 6", "description": "Descrição Teste Descrição Teste Descrição Teste Descrição Teste Descrição Teste Descrição Teste Descrição Teste Descrição Teste Descrição Teste Descrição Teste Descrição Teste Descrição Teste Descrição Teste Descrição Teste Descrição Teste Descrição Teste Descrição Teste Descrição Teste Descrição Teste", "cbo": "7156-05", "epi_mandatory": null, "slug": null, "special_activities": [4], "risks_chemical": [12, 10, 16, 17], "risks_physical": [2, 14, 9], "risks_biological": [2, 7], "risks_accident": [1, 4], "risks_ergonomic": [4], "trainings": [4, 7], "epis": [21, 18], "exams_admissional": [4, 7], "exams_periodic": [19, 11], "exams_dismissal": [3, 13], "exams_return_work": [19, 8], "exams_change_function": [19, 6]}}, {"model": "function.function", "pk": 11, "fields": {"name": "Função Teste 7", "description": "Descrição Teste Descrição Teste Descrição Teste Descrição Teste Descrição Teste Descrição Teste Descrição Teste Descrição Teste Descrição Teste Descrição Teste Descrição Teste Descrição Teste Descrição Teste Descrição Teste Descrição Teste Descrição Teste Descrição Teste Descrição Teste Descrição Teste", "cbo": "3172-10", "epi_mandatory": "RECOMENDADO", "slug": null, "special_activities": [1, 4], "risks_chemical": [], "risks_physical": [5, 15], "risks_biological": [], "risks_accident": [1, 3], "risks_ergonomic": [], "trainings": [9], "epis": [], "exams_admissional": [5, 3, 7], "exams_periodic": [22, 16, 12], "exams_dismissal": [4, 5, 3], "exams_return_work": [5, 3], "exams_change_function": [18, 19]}}, {"model": "function.function", "pk": 12, "fields": {"name": "Função Teste 8", "description": "Descrição Teste Descrição Teste Descrição Teste Descrição Teste Descrição Teste Descrição Teste Descrição Teste Descrição Teste Descrição Teste Descrição Teste Descrição Teste Descrição Teste Descrição Teste Descrição Teste Descrição Teste Descrição Teste Descrição Teste Descrição Teste Descrição Teste", "cbo": "3172-10", "epi_mandatory": "OBRIGATORIO EM TODAS AS ATIVIDADES", "slug": null, "special_activities": [], "risks_chemical": [14, 15], "risks_physical": [], "risks_biological": [2, 12], "risks_accident": [2, 3], "risks_ergonomic": [7], "trainings": [2, 6, 7], "epis": [21, 20, 15, 31], "exams_admissional": [11, 6, 7, 8, 22, 16, 12, 13, 9], "exams_periodic": [5, 3, 11, 20, 6, 7, 8, 22], "exams_dismissal": [4, 21, 5, 3, 11, 20], "exams_return_work": [19, 4, 21, 5, 3, 11, 20], "exams_change_function": [11, 20, 6, 7]}}, {"model": "function.function", "pk": 13, "fields": {"name": "Função Teste 9", "description": "Descrição Teste Descrição Teste Descrição Teste Descrição Teste Descrição Teste Descrição Teste Descrição Teste Descrição Teste Descrição Teste Descrição Teste Descrição Teste Descrição Teste Descrição Teste Descrição Teste Descrição Teste Descrição Teste Descrição Teste Descrição Teste Descrição Teste", "cbo": "3172-10", "epi_mandatory": null, "slug": null, "special_activities": [], "risks_chemical": [], "risks_physical": [], "risks_biological": [], "risks_accident": [], "risks_ergonomic": [], "trainings": [], "epis": [], "exams_admissional": [], "exams_periodic": [], "exams_dismissal": [], "exams_return_work": [], "exams_change_function": []}}, {"model": "function.function", "pk": 14, "fields": {"name": "Função Teste 10", "description": "Descrição Teste Descrição Teste Descrição Teste Descrição Teste Descrição Teste Descrição Teste Descrição Teste Descrição Teste Descrição Teste Descrição Teste Descrição Teste Descrição Teste Descrição Teste Descrição Teste Descrição Teste Descrição Teste Descrição Teste Descrição Teste Descrição Teste", "cbo": "7243-15", "epi_mandatory": "OBRIGATORIO EM ATIVIDADES ESPECIFICAS", "slug": null, "special_activities": [1], "risks_chemical": [], "risks_physical": [14], "risks_biological": [], "risks_accident": [], "risks_ergonomic": [], "trainings": [], "epis": [], "exams_admissional": [19, 4, 21, 5], "exams_periodic": [4, 21, 5, 3], "exams_dismissal": [5, 3, 11], "exams_return_work": [4, 21, 5], "exams_change_function": [4, 21, 5]}}, {"model": "function.function", "pk": 15, "fields": {"name": "Função Teste 11", "description": "Descrição Teste Descrição Teste Descrição Teste Descrição Teste Descrição Teste Descrição Teste Descrição Teste Descrição Teste Descrição Teste Descrição Teste Descrição Teste Descrição Teste Descrição Teste Descrição Teste Descrição Teste Descrição Teste Descrição Teste Descrição Teste Descrição Teste", "cbo": "3172-10", "epi_mandatory": null, "slug": null, "special_activities": [], "risks_chemical": [], "risks_physical": [], "risks_biological": [], "risks_accident": [], "risks_ergonomic": [], "trainings": [], "epis": [], "exams_admissional": [19, 5, 3, 11], "exams_periodic": [5, 3, 11, 20], "exams_dismissal": [20, 6, 7], "exams_return_work": [19, 4, 21], "exams_change_function": [18, 4, 21]}}, {"model": "function.function", "pk": 16, "fields": {"name": "Função Teste 12", "description": "Descrição Teste Descrição Teste Descrição Teste Descrição Teste Descrição Teste Descrição Teste Descrição Teste Descrição Teste Descrição Teste Descrição Teste Descrição Teste Descrição Teste Descrição Teste Descrição Teste Descrição Teste Descrição Teste Descrição Teste Descrição Teste Descrição Teste", "cbo": "3172-10", "epi_mandatory": null, "slug": null, "special_activities": [], "risks_chemical": [], "risks_physical": [], "risks_biological": [], "risks_accident": [], "risks_ergonomic": [], "trainings": [], "epis": [], "exams_admissional": [19, 4], "exams_periodic": [3, 11], "exams_dismissal": [13, 9, 10], "exams_return_work": [11, 20, 6], "exams_change_function": [18, 19, 4]}}, {"model": "function.function", "pk": 18, "fields": {"name": "Eletricista", "description": "Eletricista é o profissional responsável por instalar, manter e reparar sistemas e equipamentos elétricos de baixa e/ou alta tensão.", "cbo": "7156-15", "epi_mandatory": "OBRIGATORIO EM ATIVIDADES ESPECIFICAS", "slug": "eletricista-7156-15", "special_activities": [1], "risks_chemical": [], "risks_physical": [6, 15], "risks_biological": [], "risks_accident": [17, 3, 4, 13], "risks_ergonomic": [5, 10, 13], "trainings": [2, 6], "epis": [33, 17, 24, 25], "exams_admissional": [21, 5, 3, 11, 20, 6], "exams_periodic": [11, 20, 6, 7, 8, 22, 16, 12, 13], "exams_dismissal": [20, 6, 7, 8, 22, 16, 12, 13], "exams_return_work": [11, 20], "exams_change_function": [4, 21]}}, {"model": "function.function", "pk": 19, "fields": {"name": "teste", "description": "teste", "cbo": "2343456", "epi_mandatory": null, "slug": "teste-2343456", "special_activities": [], "risks_chemical": [], "risks_physical": [], "risks_biological": [], "risks_accident": [], "risks_ergonomic": [], "trainings": [], "epis": [], "exams_admissional": [], "exams_periodic": [], "exams_dismissal": [], "exams_return_work": [], "exams_change_function": []}}, {"model": "function.function", "pk": 20, "fields": {"name": "Auxiliar de Saúde Bucal", "description": "O Auxiliar de Saúde Bucal (ASB) desempenha um papel crucial no suporte ao cirurgião-dentista e no bom funcionamento da clínica odontológica. Suas responsabilidades abrangem diversas áreas, visando otimizar o atendimento ao paciente e manter um ambiente de trabalho seguro e organizado.", "cbo": "3172-10", "epi_mandatory": "OBRIGATORIO AO CIRCULAR PELA AREA DE PRODUCAO", "slug": "auxiliar-de-saude-bucal-3172-10", "special_activities": [1, 3, 2, 4], "risks_chemical": [14, 15, 6, 10, 16, 17, 18], "risks_physical": [14, 15, 16, 7, 8], "risks_biological": [4, 5, 6, 7, 8], "risks_accident": [18, 19, 1, 2], "risks_ergonomic": [4, 5, 7, 8, 9], "trainings": [5, 6, 8, 9], "epis": [23], "exams_admissional": [11, 20, 6, 7, 8, 22], "exams_periodic": [19, 4, 21, 5, 3, 11], "exams_dismissal": [4, 21, 5, 3, 11, 20, 6, 7], "exams_return_work": [4, 21, 5, 3, 6, 7], "exams_change_function": [19, 4, 21, 5, 3, 11]}}, {"model": "function.function", "pk": 22, "fields": {"name": "A função de teste", "description": "asdgaewasdgaewasdgaewasdgaewasdgaewasdgaewasdgaewasdgaewasdgaewasdgaewasdgaewasdgaewasdgaewasdgaewasdgaewasdgaewasdgaewasdgaewasdgaew asdgaewasdgaewasdgaewasdgaewasdgaewasdgaewasdgaewasdgaewasdgaewasdgaewasdgaewasdgaewasdgaewasdgaewasdgaewasdgaewasdgaewasdgaewasdgaewasdgaew", "cbo": "7156-05", "epi_mandatory": null, "slug": "a-funcao-de-teste-7156-05", "special_activities": [1, 3, 2, 4], "risks_chemical": [11, 12, 13, 14, 15, 6, 7, 8, 9, 10, 16, 17, 18, 19, 20], "risks_physical": [1, 2, 3, 5, 6, 12, 13, 14, 15, 16, 7, 8, 9, 10, 11], "risks_biological": [1, 2, 3, 4, 5, 6, 7, 8, 9, 10, 11, 12, 13, 14, 15], "risks_accident": [6, 16, 17, 18, 19, 1, 2, 3, 4, 5, 11, 12, 13, 14, 15], "risks_ergonomic": [1, 2, 4, 5, 7, 8, 9, 10, 11, 12, 13, 14, 15, 16, 17], "trainings": [2, 3, 4, 5, 6, 7, 8, 9], "epis": [23, 21, 22, 33, 10, 9, 17, 18, 32, 24, 26, 25, 29, 27, 28, 30, 13, 11, 34, 19, 20, 12, 14, 16, 15, 31], "exams_admissional": [18, 19, 4, 21, 5, 3, 11, 20, 6, 7, 8, 22, 16, 12, 13, 9, 10, 14, 15, 17], "exams_periodic": [18, 19, 4, 21, 5, 3, 11, 20, 6, 7, 8, 22, 16, 12, 13, 9, 10, 14, 15, 17], "exams_dismissal": [18, 19, 4, 21, 5, 3, 11, 20, 6, 7, 8, 22, 16, 12, 13, 9, 10, 14, 15, 17], "exams_return_work": [18, 19, 4, 21, 5, 3, 11, 20, 6, 7, 8, 22, 16, 12, 13, 9, 10, 14, 15, 17], "exams_change_function": [18, 19, 4, 21, 5, 3, 11, 20, 6, 7, 8, 22, 16, 12, 13, 9, 10, 14, 15, 17]}}, {"model": "function.function", "pk": 23, "fields": {"name": "Função Teste Vazia", "description": "", "cbo": "3172-10", "epi_mandatory": null, "slug": "funcao-teste-vazia-3172-10", "special_activities": [], "risks_chemical": [], "risks_physical": [], "risks_biological": [], "risks_accident": [], "risks_ergonomic": [], "trainings": [], "epis": [], "exams_admissional": [4], "exams_periodic": [21], "exams_dismissal": [7], "exams_return_work": [5], "exams_change_function": [4]}}, {"model": "exam.exam", "pk": 3, "fields": {"exam_name": "Avaliação Psicológica", "description": "", "preparation": "Estar alimentado, descansado e sem sono;"}}, {"model": "exam.exam", "pk": 4, "fields": {"exam_name": "Acuidade Visual", "description": "", "preparation": "Trazer óculos ou lentes de contato no dia do exame, caso use."}}, {"model": "exam.exam", "pk": 5, "fields": {"exam_name": "Audiometria", "description": "", "preparation": "Repouso acústico de 12 horas, evitando inclusive o uso de fones de ouvido."}}, {"model": "exam.exam", "pk": 6, "fields": {"exam_name": "ECG - Eletrocardiograma", "description": "", "preparation": "Não requer preparo."}}, {"model": "exam.exam", "pk": 7, "fields": {"exam_name": "EEG - Eletroencefalograma", "description": "", "preparation": "Não requer preparo."}}, {"model": "exam.exam", "pk": 8, "fields": {"exam_name": "Espirometria", "description": "", "preparation": "Não fumar por 6 horas antes do exame."}}, {"model": "exam.exam", "pk": 9, "fields": {"exam_name": "Raio-X da Coluna", "description": "", "preparation": "Não requer preparo."}}, {"model": "exam.exam", "pk": 10, "fields": {"exam_name": "Raio-X do Tórax", "description": "", "preparation": "Não requer preparo."}}, {"model": "exam.exam", "pk": 11, "fields": {"exam_name": "Creatinina", "description": "Teste teste teste teste teste teste teste teste teste teste teste teste teste teste teste teste teste teste teste teste teste teste teste teste teste teste teste teste teste teste teste teste teste teste teste teste teste teste teste teste teste teste teste.", "preparation": "Jejum desejável de 4 horas, mas em urgências pode ser dispensado."}}, {"model": "exam.exam", "pk": 12, "fields": {"exam_name": "Glicemia", "description": "", "preparation": "Jejum obrigatório de 10 a 12 horas"}}, {"model": "exam.exam", "pk": 13, "fields": {"exam_name": "Hemograma", "description": "", "preparation": "Recomenda-se jejum de 04 horas, porém não é obrigatório."}}, {"model": "exam.exam", "pk": 14, "fields": {"exam_name": "TGO - Transaminase Glutâmico Oxalacética", "description": "", "preparation": "Jejum obrigatório de 08 horas."}}, {"model": "exam.exam", "pk": 15, "fields": {"exam_name": "TGP - Transaminase Glutâmico Pirúvica", "description": "", "preparation": "Jejum obrigatório de 08 horas."}}, {"model": "exam.exam", "pk": 16, "fields": {"exam_name": "Gama GT - Gama Glutamil Transferase", "description": "", "preparation": "Jejum obrigatório de 08 horas"}}, {"model": "exam.exam", "pk": 17, "fields": {"exam_name": "Ureia", "description": "", "preparation": "Jejum desejável de 4 horas, mas em urgências pode ser dispensado."}}, {"model": "exam.exam", "pk": 18, "fields": {"exam_name": "Ácido Hipúrico", "description": "", "preparation": "Realizar a coleta da urina seja nas 04 últimas horas da jornada de trabalho semanal."}}, {"model": "exam.exam", "pk": 19, "fields": {"exam_name": "Ácido Metil-Hipúrico", "description": "", "preparation": "Realizar a coleta da urina seja nas 04 últimas horas da jornada de trabalho semanal."}}, {"model": "exam.exam", "pk": 20, "fields": {"exam_name": "Dosagem de Chumbo na Urina", "description": "", "preparation": "Realizar a coleta da urina seja nas 04 últimas horas da jornada de trabalho semanal."}}, {"model": "exam.exam", "pk": 21, "fields": {"exam_name": "Anti-HBs (Anticorpo contra o Antígeno de Superfície da Hepatite B) (Sorologia Hepatite)", "description": "Interpretação provável de \"Anti Hbs Ag\". Nota: \"HBsAg\" refere-se ao antígeno em si, enquanto \"Anti-HBs\" refere-se ao anticorpo. A forma como está escrito \"Anti Hbs Ag\" é incomum, mas geralmente em sorologias se pesquisa ou o antígeno (HBsAg) para infecção ativa ou o anticorpo (Anti-HBs) para imunidade/infecção passada. A interpretação mais provável é que se refira ao Anti-HBs.", "preparation": "Não é necessário nenhum tipo de preparo"}}, {"model": "exam.exam", "pk": 22, "fields": {"exam_name": "Exame Clínico", "description": "", "preparation": ""}}, {"model": "safety.expositionrisk", "pk": 3, "fields": {"name": "Habitual/ Permanente", "description": ""}}, {"model": "safety.expositionrisk", "pk": 5, "fields": {"name": "Habitual/ Intermitente", "description": ""}}, {"model": "safety.expositionrisk", "pk": 6, "fields": {"name": "Habitual/ Eventual", "description": ""}}, {"model": "safety.expositionrisk", "pk": 7, "fields": {"name": "Intermitente", "description": ""}}, {"model": "safety.expositionrisk", "pk": 8, "fields": {"name": "Eventual", "description": ""}}, {"model": "safety.riskchemical", "pk": 6, "fields": {"name": "Aerodispersóides - Poeira Mineral", "description": "Aerodispersóides:  (Poeira Mineral):  Sílica, asbesto, manganês Carvão", "exposition": 8}}, {"model": "safety.riskchemical", "pk": 7, "fields": {"name": "Aerodispersóides - Poeira Mineral", "description": "Aerodispersóides:  (Poeira Mineral):  Sílica, asbesto, manganês Carvão", "exposition": 6}}, {"model": "safety.riskchemical", "pk": 8, "fields": {"name": "Aerodispersóides - Poeira Mineral", "description": "Aerodispersóides:  (Poeira Mineral):  Sílica, asbesto, manganês Carvão", "exposition": 5}}, {"model": "safety.riskchemical", "pk": 9, "fields": {"name": "Aerodispersóides - Poeira Mineral", "description": "Aerodispersóides:  (Poeira Mineral):  Sílica, asbesto, manganês Carvão", "exposition": 3}}, {"model": "safety.riskchemical", "pk": 10, "fields": {"name": "Aerodispersóides - Poeira Mineral", "description": "Aerodispersóides:  (Poeira Mineral):  Sílica, asbesto, manganês Carvão", "exposition": 7}}, {"model": "safety.riskchemical", "pk": 11, "fields": {"name": "Aerodispersóides - Neblinas", "description": "", "exposition": 8}}, {"model": "safety.riskchemical", "pk": 12, "fields": {"name": "Aerodispersóides - Neblinas", "description": "", "exposition": 6}}, {"model": "safety.riskchemical", "pk": 13, "fields": {"name": "Aerodispersóides - Neblinas", "description": "", "exposition": 5}}, {"model": "safety.riskchemical", "pk": 14, "fields": {"name": "Aerodispersóides - Neblinas", "description": "", "exposition": 3}}, {"model": "safety.riskchemical", "pk": 15, "fields": {"name": "Aerodispersóides - Neblinas", "description": "", "exposition": 7}}, {"model": "safety.riskchemical", "pk": 16, "fields": {"name": "Produtos de limpeza", "description": "", "exposition": 8}}, {"model": "safety.riskchemical", "pk": 17, "fields": {"name": "Produtos de limpeza", "description": "", "exposition": 6}}, {"model": "safety.riskchemical", "pk": 18, "fields": {"name": "Produtos de limpeza", "description": "", "exposition": 5}}, {"model": "safety.riskchemical", "pk": 19, "fields": {"name": "Produtos de limpeza", "description": "", "exposition": 3}}, {"model": "safety.riskchemical", "pk": 20, "fields": {"name": "Produtos de limpeza", "description": "", "exposition": 7}}, {"model": "safety.riskphysical", "pk": 1, "fields": {"name": "Calor", "description": "", "exposition": 8}}, {"model": "safety.riskphysical", "pk": 2, "fields": {"name": "Calor", "description": "", "exposition": 6}}, {"model": "safety.riskphysical", "pk": 3, "fields": {"name": "Calor", "description": "", "exposition": 5}}, {"model": "safety.riskphysical", "pk": 5, "fields": {"name": "Calor", "description": "", "exposition": 3}}, {"model": "safety.riskphysical", "pk": 6, "fields": {"name": "Calor", "description": "", "exposition": 7}}, {"model": "safety.riskphysical", "pk": 7, "fields": {"name": "Frio", "description": "", "exposition": 8}}, {"model": "safety.riskphysical", "pk": 8, "fields": {"name": "Frio", "description": "", "exposition": 6}}, {"model": "safety.riskphysical", "pk": 9, "fields": {"name": "Frio", "description": "", "exposition": 5}}, {"model": "safety.riskphysical", "pk": 10, "fields": {"name": "Frio", "description": "", "exposition": 3}}, {"model": "safety.riskphysical", "pk": 11, "fields": {"name": "Frio", "description": "", "exposition": 7}}, {"model": "safety.riskphysical", "pk": 12, "fields": {"name": "Exposição a intempéries", "description": "", "exposition": 8}}, {"model": "safety.riskphysical", "pk": 13, "fields": {"name": "Exposição a intempéries", "description": "", "exposition": 6}}, {"model": "safety.riskphysical", "pk": 14, "fields": {"name": "Exposição a intempéries", "description": "", "exposition": 5}}, {"model": "safety.riskphysical", "pk": 15, "fields": {"name": "Exposição a intempéries", "description": "", "exposition": 3}}, {"model": "safety.riskphysical", "pk": 16, "fields": {"name": "Exposição a intempéries", "description": "", "exposition": 7}}, {"model": "safety.riskbiological", "pk": 1, "fields": {"name": "Bacilos", "description": "", "exposition": 8}}, {"model": "safety.riskbiological", "pk": 2, "fields": {"name": "Bacilos", "description": "", "exposition": 6}}, {"model": "safety.riskbiological", "pk": 3, "fields": {"name": "Bacilos", "description": "", "exposition": 5}}, {"model": "safety.riskbiological", "pk": 4, "fields": {"name": "Bacilos", "description": "", "exposition": 3}}, {"model": "safety.riskbiological", "pk": 5, "fields": {"name": "Bacilos", "description": "", "exposition": 7}}, {"model": "safety.riskbiological", "pk": 6, "fields": {"name": "Bactérias", "description": "", "exposition": 8}}, {"model": "safety.riskbiological", "pk": 7, "fields": {"name": "Bactérias", "description": "", "exposition": 6}}, {"model": "safety.riskbiological", "pk": 8, "fields": {"name": "Bactérias", "description": "", "exposition": 5}}, {"model": "safety.riskbiological", "pk": 9, "fields": {"name": "Bactérias", "description": "", "exposition": 3}}, {"model": "safety.riskbiological", "pk": 10, "fields": {"name": "Bactérias", "description": "", "exposition": 7}}, {"model": "safety.riskbiological", "pk": 11, "fields": {"name": "Fungos", "description": "", "exposition": 8}}, {"model": "safety.riskbiological", "pk": 12, "fields": {"name": "Fungos", "description": "", "exposition": 6}}, {"model": "safety.riskbiological", "pk": 13, "fields": {"name": "Fungos", "description": "", "exposition": 5}}, {"model": "safety.riskbiological", "pk": 14, "fields": {"name": "Fungos", "description": "", "exposition": 3}}, {"model": "safety.riskbiological", "pk": 15, "fields": {"name": "Fungos", "description": "", "exposition": 7}}, {"model": "safety.riskaccident", "pk": 1, "fields": {"name": "Probabilidade de incêndio ou explosão", "description": "", "exposition": 8}}, {"model": "safety.riskaccident", "pk": 2, "fields": {"name": "Probabilidade de incêndio ou explosão", "description": "", "exposition": 6}}, {"model": "safety.riskaccident", "pk": 3, "fields": {"name": "Probabilidade de incêndio ou explosão", "description": "", "exposition": 5}}, {"model": "safety.riskaccident", "pk": 4, "fields": {"name": "Probabilidade de incêndio ou explosão", "description": "", "exposition": 3}}, {"model": "safety.riskaccident", "pk": 5, "fields": {"name": "Probabilidade de incêndio ou explosão", "description": "", "exposition": 7}}, {"model": "safety.riskaccident", "pk": 6, "fields": {"name": "Máquinas e equipamentos sem proteção", "description": "", "exposition": 8}}, {"model": "safety.riskaccident", "pk": 11, "fields": {"name": "Queimaduras", "description": "", "exposition": 8}}, {"model": "safety.riskaccident", "pk": 12, "fields": {"name": "Queimaduras", "description": "", "exposition": 6}}, {"model": "safety.riskaccident", "pk": 13, "fields": {"name": "Queimaduras", "description": "", "exposition": 5}}, {"model": "safety.riskaccident", "pk": 14, "fields": {"name": "Queimaduras", "description": "", "exposition": 3}}, {"model": "safety.riskaccident", "pk": 15, "fields": {"name": "Queimaduras", "description": "", "exposition": 7}}, {"model": "safety.riskaccident", "pk": 16, "fields": {"name": "Máquinas e equipamentos sem proteção", "description": "", "exposition": 6}}, {"model": "safety.riskaccident", "pk": 17, "fields": {"name": "Máquinas e equipamentos sem proteção", "description": "", "exposition": 5}}, {"model": "safety.riskaccident", "pk": 18, "fields": {"name": "Máquinas e equipamentos sem proteção", "description": "", "exposition": 3}}, {"model": "safety.riskaccident", "pk": 19, "fields": {"name": "Máquinas e equipamentos sem proteção", "description": "", "exposition": 7}}, {"model": "safety.riskergonomic", "pk": 1, "fields": {"name": "Esforço físico intenso", "description": "", "exposition": 8}}, {"model": "safety.riskergonomic", "pk": 2, "fields": {"name": "Esforço físico intenso", "description": "", "exposition": 6}}, {"model": "safety.riskergonomic", "pk": 4, "fields": {"name": "Esforço físico intenso", "description": "", "exposition": 5}}, {"model": "safety.riskergonomic", "pk": 5, "fields": {"name": "Esforço físico intenso", "description": "", "exposition": 3}}, {"model": "safety.riskergonomic", "pk": 7, "fields": {"name": "Esforço físico intenso", "description": "", "exposition": 7}}, {"model": "safety.riskergonomic", "pk": 8, "fields": {"name": "Imposição de rítmos excessivos", "description": "", "exposition": 8}}, {"model": "safety.riskergonomic", "pk": 9, "fields": {"name": "Imposição de rítmos excessivos", "description": "", "exposition": 6}}, {"model": "safety.riskergonomic", "pk": 10, "fields": {"name": "Imposição de rítmos excessivos", "description": "", "exposition": 5}}, {"model": "safety.riskergonomic", "pk": 11, "fields": {"name": "Imposição de rítmos excessivos", "description": "", "exposition": 3}}, {"model": "safety.riskergonomic", "pk": 12, "fields": {"name": "Imposição de rítmos excessivos", "description": "", "exposition": 7}}, {"model": "safety.riskergonomic", "pk": 13, "fields": {"name": "Jornada de trabalho prolongado", "description": "", "exposition": 8}}, {"model": "safety.riskergonomic", "pk": 14, "fields": {"name": "Jornada de trabalho prolongado", "description": "", "exposition": 6}}, {"model": "safety.riskergonomic", "pk": 15, "fields": {"name": "Jornada de trabalho prolongado", "description": "", "exposition": 5}}, {"model": "safety.riskergonomic", "pk": 16, "fields": {"name": "Jornada de trabalho prolongado", "description": "", "exposition": 3}}, {"model": "safety.riskergonomic", "pk": 17, "fields": {"name": "Jornada de trabalho prolongado", "description": "", "exposition": 7}}, {"model": "safety.typeepi", "pk": 1, "fields": {"name": "Proteção para crânio", "description": "Esse tipo de proteção tem por objetivo reduzir o risco de lesões e mortes causadas por impactos no crânio do indivíduo."}}, {"model": "safety.typeepi", "pk": 2, "fields": {"name": "Proteção visual e facial", "description": ""}}, {"model": "safety.typeepi", "pk": 3, "fields": {"name": "Proteção respiratória.", "description": ""}}, {"model": "safety.typeepi", "pk": 4, "fields": {"name": "Proteção auricular", "description": ""}}, {"model": "safety.typeepi", "pk": 5, "fields": {"name": "Proteção de tronco", "description": ""}}, {"model": "safety.typeepi", "pk": 6, "fields": {"name": "Proteção de membros superiores", "description": ""}}, {"model": "safety.typeepi", "pk": 7, "fields": {"name": "Proteção dos membros inferiores.", "description": ""}}, {"model": "safety.epi", "pk": 9, "fields": {"name": "Capacete de segurança.", "description": "", "type_epi": null}}, {"model": "safety.epi", "pk": 10, "fields": {"name": "Capacete de segurança com Jugular", "description": "", "type_epi": null}}, {"model": "safety.epi", "pk": 11, "fields": {"name": "Óculos de segurança", "description": "Para soldadores, torneiros, esmeriladores, operadores de politriz e outros.", "type_epi": null}}, {"model": "safety.epi", "pk": 12, "fields": {"name": "Protetores faciais", "description": "Contra a ação de borrifos, impacto e calor radiante.", "type_epi": null}}, {"model": "safety.epi", "pk": 13, "fields": {"name": "Máscaras e escudos para soldadores.", "description": "", "type_epi": null}}, {"model": "safety.epi", "pk": 14, "fields": {"name": "Respiradores com filtro mecânico", "description": "Oferecem proteção contra partículas suspensas no ar, incluindo poeiras, neblinas, vapores metálicos e fumos.", "type_epi": null}}, {"model": "safety.epi", "pk": 15, "fields": {"name": "Respiradores com filtros químicos", "description": "Respiradores com filtros químicos (dão proteção contra concentrações leves, até 0,2% por volume, de certos gases ácidos e alcalinos, de vapores orgânicos e vapores de mercúrio).", "type_epi": null}}, {"model": "safety.epi", "pk": 16, "fields": {"name": "Respiradores com filtros combinados", "description": "Respiradores com filtros combinados (são usados em trabalhos tais como pintura a pistola e aplicação de inseticidadas).", "type_epi": null}}, {"model": "safety.epi", "pk": 17, "fields": {"name": "Equipamentos de provisão de ar", "description": "Equipamentos de provisão de ar (ou linhas de ar).", "type_epi": null}}, {"model": "safety.epi", "pk": 18, "fields": {"name": "Equipamentos portáteis autônomos", "description": "Equipamentos portáteis autônomos (de oxigênio e de ar comprimido).", "type_epi": null}}, {"model": "safety.epi", "pk": 19, "fields": {"name": "Protetores de inserção", "description": "Protetores de inserção (PLUG), que podem ser descartáveis ou não descartáveis (ambos moldados ou moldáveis).", "type_epi": null}}, {"model": "safety.epi", "pk": 20, "fields": {"name": "Protetores externos", "description": "Protetores externos (CONCHA), também conhecidos como orelheiras ou tipo-concha.", "type_epi": null}}, {"model": "safety.epi", "pk": 21, "fields": {"name": "Aventais de couro", "description": "Aventais de couro - Vaqueta e Raspa (para trabalhos de soldagem elétrica, oxiacetilênica e corte a quente, e, também são indicados para o manuseio de chapas com rebarbas).", "type_epi": null}}, {"model": "safety.epi", "pk": 22, "fields": {"name": "Aventais de PVC", "description": "Aventais de PVC (para trabalhos pesados, onde haja manuseio de peças úmidas ou risco de respingos de produtos químicos).", "type_epi": null}}, {"model": "safety.epi", "pk": 23, "fields": {"name": "Aventais de amianto", "description": "Aventais de amianto (para trabalhos onde o calor é excessivo).", "type_epi": 4}}, {"model": "safety.epi", "pk": 24, "fields": {"name": "Jaquetas", "description": "Jaquetas (para trabalhos de soldagem em particular, soldagens em altas temperaturas, trabalhos em fornos, combate a incêndios).", "type_epi": null}}, {"model": "safety.epi", "pk": 25, "fields": {"name": "Luvas de couro", "description": "Luvas de couro - Vaqueta e Raspa (para serviços gerais de fundição, cerâmicas e funilarias, usinagem mecânica, montagem de motores, usinagem a frio, manuseio de materiais quentes até 60ºC, carga e descarga de materiais, manuseio e transporte de chapas).", "type_epi": null}}, {"model": "safety.epi", "pk": 26, "fields": {"name": "Luvas de borracha", "description": "Luvas de borracha (para eletricistas e para trabalho com produtos químicos em geral, exceto solventes e óleos, serviços de galvanoplastia, serviços úmidos em geral).", "type_epi": null}}, {"model": "safety.epi", "pk": 27, "fields": {"name": "Luvas de neoprene", "description": "Luvas de neoprene (empregadas em serviços que envolvem uso de óleo, graxas, gorduras, solventes, petróleo e derivados, inspeções em tanques contendo ácidos, serviços de galvanoplastia).", "type_epi": null}}, {"model": "safety.epi", "pk": 28, "fields": {"name": "Luvas de PVC", "description": "Luvas de PVC (para trabalhos com líquidos ou produtos químicos que exijam melhor aderência no manuseio, lavagem de peças em corrosivos, manuseio de ácidos, óleos e graxas/gorduras, serviços de galvanoplastia).", "type_epi": null}}, {"model": "safety.epi", "pk": 29, "fields": {"name": "Luvas de hexanol", "description": "Luvas de hexanol (empregadas em serviço com solventes, manuseio de peças molhadas - hexanol - corrugado, em serviços que envolvem uso do petróleo e derivados).", "type_epi": null}}, {"model": "safety.epi", "pk": 30, "fields": {"name": "Luvas de tecidos", "description": "Luvas de tecidos (de lona, de lona flanelada, de grafatex, de feltro, de lã, de amianto, de malha metálica).", "type_epi": null}}, {"model": "safety.epi", "pk": 31, "fields": {"name": "Sapatos", "description": "Sapatos (com biqueira de aço; condutores; anti-fagulhas; isolantes; para fundição).", "type_epi": null}}, {"model": "safety.epi", "pk": 32, "fields": {"name": "Guarda-pés", "description": "Guarda-pés (são recomendados para trabalhos em fundições, forjas, fábricas de papel, serralherias, fábricas de gelo).", "type_epi": null}}, {"model": "safety.epi", "pk": 33, "fields": {"name": "Botas de borracha", "description": "Botas de borracha (e outros materiais similares).", "type_epi": null}}, {"model": "safety.epi", "pk": 34, "fields": {"name": "Perneiras", "description": "Perneiras (de raspa de couro, são usadas pelos soldadores e fundidores, sendo as mais longas, são utilizadas em trabalhos com produto", "type_epi": null}}, {"model": "training.training", "pk": 2, "fields": {"name": "NR 06 - Uso adequado de EPI´s", "description": ""}}, {"model": "training.training", "pk": 3, "fields": {"name": "NR 10 - Operação de equiptos energizados", "description": ""}}, {"model": "training.training", "pk": 4, "fields": {"name": "NR 11 - Direção defensiva", "description": ""}}, {"model": "training.training", "pk": 5, "fields": {"name": "NR 11 - Operação em equiptos de transporte", "description": ""}}, {"model": "training.training", "pk": 6, "fields": {"name": "NR 12 - Máquinas e Equipamentos", "description": ""}}, {"model": "training.training", "pk": 7, "fields": {"name": "NR 17 - Educação Postural", "description": ""}}, {"model": "training.training", "pk": 8, "fields": {"name": "NR 33 - Trabalho em espaços confinados", "description": ""}}, {"model": "training.training", "pk": 9, "fields": {"name": "NR 35 - Trabalho em Altura", "description": ""}}]